-- ======================================================
-- PHASE 2.2 DATA INSERTION INTO THE TABLES
-- ======================================================
-- In this part of the project, syntetic data was inserted into the tables. 
-- The first tables were feed with data created manually to follow the logic behind.
-- The remaining data was syntetically created with Python scripts.

-- ======================================================
-- PHASE 2.2.1 DATA INSERTION INTO THE COUNTRY TABLE
-- ======================================================
-- Business running in 5 Countries
INSERT INTO Country (CountryID, CountryName) VALUES
(1, 'Colombia'),
(2, 'Argentina'),
(3, 'Venezuela'),
(4, 'Chile'),
(5, 'Brazil');
-- ======================================================
-- PHASE 2.2.2 DATA INSERTION INTO THE BRANCH TABLE
-- ======================================================
-- Branches per country:
-- Colombia: 2.
-- Brazil: 2
-- Argenitna: 1
-- Venezuela: 2
-- Chile: 1
INSERT INTO Branch (BranchID, BranchName, CountryID) VALUES
(101, 'Bogotá Central', 1),        
(102, 'Medellín Norte', 1),
(201, 'Buenos Aires North', 2),
(301, 'Caracas Central', 3),
(302, 'Maracaibo Central', 3),
(401, 'Santiago Central', 4),
(501, 'São Paulo North', 5),         
(502, 'Rio de Janeiro South', 5);  
-- ======================================================
-- PHASE 2.2.3 DATA INSERTION INTO THE TIME TABLE
-- ======================================================
-- 12 MONTHS OF ACTIVITY
INSERT INTO Time (TimeID, Date, Month, Year, Quarter) VALUES
(1, '2025-01-01', 'January', 2025, 'Q1'),
(2, '2025-02-01', 'February', 2025, 'Q1'),
(3, '2025-03-01', 'March', 2025, 'Q1'),
(4, '2025-04-01', 'April', 2025, 'Q2'),
(5, '2025-05-01', 'May', 2025, 'Q2'),
(6, '2025-06-01', 'June', 2025, 'Q2'),
(7, '2025-07-01', 'July', 2025, 'Q3'),
(8, '2025-08-01', 'August', 2025, 'Q3'),
(9, '2025-09-01', 'September', 2025, 'Q3'),
(10, '2025-10-01', 'October', 2025, 'Q4'),
(11, '2025-11-01', 'November', 2025, 'Q4'),
(12, '2025-12-01', 'December', 2025, 'Q4');
-- ======================================================
-- PHASE 2.2.4 DATA INSERTION INTO THE SERVICEPLAN TABLE
-- ======================================================
-- 3 Plans were created with different prices:
-- Prepaid Basic: $10.00
-- Postpaid Standart: $25.00
-- Unlimited Gold: $40.00 
INSERT INTO ServicePlan (PlanID, PlanName, MonthlyFee, DataLimitGB, SMSLimit, VoiceMinutes, AddsOn) VALUES
(1, 'Prepaid Basic', 10.00, 5, 100, 50, JSON_OBJECT('roaming', false, 'musicStreaming', false)),
(2, 'Postpaid Standard', 25.00, 15, 500, 300, JSON_OBJECT('roaming', true, 'musicStreaming', true)),
(3, 'Unlimited Gold', 40.00, NULL, NULL, NULL, JSON_OBJECT('roaming', true, 'musicStreaming', true, 'videoStreaming', true));
-- ======================================================
-- PHASE 2.2.5 DATA INSERTION INTO THE CUSTOMER TABLE
-- ======================================================
-- A total of 50 customer records were added to replicate real-world scenarios.
-- Customers were segmented per branch and country, to have a balanced dataset.
INSERT INTO Customer (Name, Last_name, Email, Phone_number, CountryID, BranchID) VALUES
-- -----------------------------------------------------
-- Insert sample data  For Bogotá Central - Colombia
('Carlos', 'Ramírez', 'carlos.ramirez@topmail.com', '3001234567', 1, 101),
('Laura', 'González', 'laura.gonzalez@topmail.com', '3001234568', 1, 101),
('Andrés', 'López', 'andres.lopez@topmail.com', '3001234569', 1, 101),
('Sofía', 'Martínez', 'sofia.martinez@topmail.com', '3001234570', 1, 101),
('Juan', 'Rodríguez', 'juan.rodriguez@topmail.com', '3001234571', 1, 101),
('Daniela', 'López', 'daniela.lopez@topmail.com', '3001234579', 1, 101),
('Camilo', 'Jiménez', 'camilo.jimenez@topmail.com', '3001234580', 1, 101),
('Natalia', 'Ruiz', 'natalia.ruiz@topmail.com', '3001234575', 1, 101),
('Esteban', 'Salazar', 'esteban.salazar@topmail.com', '3001234576', 1, 101),
-- -----------------------------------------------------
-- Insert sample data  For Medellin Norte - Colombia
('Martina', 'Quintero', 'martina.quintero@midmail.com', '3001234577', 1, 102),
('Sebastián', 'Henao', 'sebastian.henao@midmail.com', '3001234578', 1, 102),
('Diana', 'Mejía', 'diana.mejia@midmail.com', '3001234572', 1, 102),
('Pedro', 'Suárez', 'pedro.suarez@midmail.com', '3001234573', 1, 102),
('Valentina', 'Jaramillo', 'valentina.j@midmail.com', '3001234574', 1, 102),
('Héctor', 'Giraldo', 'hector.giraldo@midmail.com', '3001234581', 1, 102),
-- ---------------------------------------------------
-- Insert sample data  For Buenos Aires Norte - Argentina
('Lucía', 'Fernández', 'lucia.fernandez@ar.com', '1134567890', 2, 201),
('Mateo', 'Gómez', 'mateo.gomez@ar.com', '1134567891', 2, 201),
('Manuela', 'Gutiérrez', 'manuela.gutierrez@ar.com', '1134567892', 2, 201),
('Brenda', 'Mendoza', 'brenda.mendoza@ar.com', '1134567893', 2, 201),
('Federico', 'Rossi', 'federico.rossi@ar.com', '1134567894', 2, 201),
-- ---------------------------------------------------
-- Insert sample data  For Caracas Central - Venezuela
('María', 'Pérez', 'maria.perez@ve.com', '04161234567', 3, 301),
('Luis', 'Ramos', 'luis.ramos@ve.com', '04161234568', 3, 301),
('Daniel', 'Vargas', 'daniel.vargas@ve.com', '04161234571', 3, 301),
('Alejandra', 'Figueroa', 'alejandra.figueroa@ve.com', '04161234574', 3, 301),
-- ---------------------------------------------------
-- Insert sample data  For Maracaibo Central - Venezuela
('Gabriela', 'Silva', 'gabriela.silva@ve.com', '04161234569', 3, 302),
('Jorge', 'Torres', 'jorge.torres@ve.com', '04161234570', 3, 302),
('Estefanía', 'Moreno', 'estefania.moreno@ve.com', '04161234572', 3, 302),
('Miguel', 'Colina', 'miguel.colina@ve.com', '04161234573', 3, 302),
-- ---------------------------------------------------
-- Insert sample data  For Santiago Central - Chile
('Camila', 'Rojas', 'camila.rojas@cl.com', '56912345678', 4, 401),
('Tomás', 'Navarro', 'tomas.navarro@cl.com', '56912345679', 4, 401),
('Ricardo', 'Ortega', 'ricardo.ortega@cl.com', '56912345680', 4, 401),
('Isidora', 'Araya', 'isidora.araya@cl.com', '56912345681', 4, 401),
('Vicente', 'Castro', 'vicente.castro@cl.com', '56912345682', 4, 401),
-- ---------------------------------------------------
-- Insert sample customer data  For São Paulo Norte - Brazil
('Ana', 'Souza', 'ana.souza@br.com', '551199123456', 5, 501),
('Carlos', 'Oliveira', 'carlos.oliveira@br.com', '551199123457', 5, 501),
('Fernanda', 'Silva', 'fernanda.silva@br.com', '551199123458', 5, 501),
('Bruno', 'Costa', 'bruno.costa@br.com', '551199123459', 5, 501),
('Juliana', 'Delgado', 'juliana.delgado@br.com', '551199123460', 5, 501),
('João', 'Batista', 'joao.batista@br.com', '551199123461', 5, 501),
('Larissa', 'Freitas', 'larissa.freitas@br.com', '551199123462', 5, 501),
('Felipe', 'Cardoso', 'felipe.cardoso@br.com', '551199123463', 5, 501),
('Marcos', 'Azevedo', 'marcos.azevedo@br.com', '551199123464', 5, 501),
-- ---------------------------------------------------
-- Insert sample customer data  For Rio de Janeiro - Brazil
('Rafael', 'Moura', 'rafael.moura@br.com', '552198765432', 5, 502),
('Beatriz', 'Almeida', 'beatriz.almeida@br.com', '552198765433', 5, 502),
('Tatiane', 'Lima', 'tatiane.lima@br.com', '552198765434', 5, 502),
('Rodrigo', 'Ferreira', 'rodrigo.ferreira@br.com', '552198765435', 5, 502),
('Paula', 'Dias', 'paula.dias@br.com', '552198765436', 5, 502),
('Caio', 'Teixeira', 'caio.teixeira@br.com', '552198765437', 5, 502),
('Aline', 'Pereira', 'aline.pereira@br.com', '552198765438', 5, 502),
('Gustavo', 'Barros', 'gustavo.barros@br.com', '552198765439', 5, 502);
-- ======================================================
-- PHASE 2.2.6 DATA INSERTION INTO THE EMPLOYEE TABLE
-- ======================================================
-- Employee table follows a logic:
-- Each branch should have a manager and a Technical Engineer.
-- and at least one Customer Service Rep
-- -----------------------------------------------------------
INSERT INTO Employee (EmployeeID, FullName, Role, BranchID, Hired_Date, Wave) VALUES
-- ------------------------------------------------------------------------------
-- Insert sample employee data  For Bogotá Central - Colombia
(1, 'Laura Acosta', 'Manager', 101, '2023-01-10', 1),
(2, 'Carlos Mendoza', 'Customer Service Rep', 101, '2023-03-05', 1),
(3, 'Tatiana Gómez', 'Technical Engineer', 101, '2023-04-18', 1),
(4, 'Javier Ramírez', 'Customer Service Rep', 101, '2024-02-20', 1),
-- ------------------------------------------------------------------------------
-- Insert sample employee data  For Medellin Norte - Colombia
(5, 'Sandra Torres', 'Manager', 102, '2023-12-01', 1),
(6, 'Miguel Ruiz', 'Customer Service Rep', 102, '2023-11-14', 2),
(7, 'Héctor Giraldo', 'Technical Engineer', 102, '2024-01-05', 1),
-- ------------------------------------------------------------------------------
-- Insert sample employee data  For Buenos Aires Norte - Argentina
(8, 'Luciana Bravo', 'Manager', 201, '2023-09-07', 1),
(9, 'Tomás Alvarez', 'Customer Service Rep', 201, '2024-01-23', 2),
(10, 'Natalia Sánchez', 'Technical Engineer', 201, '2024-05-01', 1),
-- ------------------------------------------------------------------------------
-- Insert sample employee data  For Caracas Central - Venezuela
(11, 'Andrea López', 'Manager', 301, '2023-08-10', 1),
(12, 'Rodrigo Pérez', 'Customer Service Rep', 301, '2024-06-10', 2),
(13, 'Luis Moreno', 'Technical Engineer', 301, '2024-01-17', 1),
-- ------------------------------------------------------------------------------
-- Insert sample employee data  For Maracaibo Central - Venezuela
(14, 'José Colmenares', 'Manager', 302, '2023-07-03', 1),
(15, 'Gabriela Ramos', 'Customer Service Rep', 302, '2024-02-10', 2),
(16, 'Miguel Torres', 'Technical Engineer', 302, '2024-03-22', 1),
-- ------------------------------------------------------------------------------
-- Insert sample employee data  For Santiago Central - Chile
(17, 'Martín Silva', 'Manager', 401, '2023-10-08', 1),
(18, 'Valentina Herrera', 'Customer Service Rep', 401, '2024-04-12', 2),
(19, 'Sebastián Castro', 'Technical Engineer', 401, '2024-05-30', 1),
-- ------------------------------------------------------------------------------
-- Insert sample employee data  For São Paulo Norte - Brazil
(20, 'Fernanda Lima', 'Manager', 501, '2023-06-20', 1),
(21, 'Guilherme Nunes', 'Customer Service Rep', 501, '2024-02-02', 1),
(22, 'Amanda Rocha', 'Technical Engineer', 501, '2024-03-11', 1),
(23, 'Diego Martins', 'Customer Service Rep', 501, '2024-04-01', 1),
-- ------------------------------------------------------------------------------
-- Insert sample employee data  For Rio de Janeiro - Brazil
(24, 'Bruno Tavares', 'Manager', 502, '2023-12-05', 1),
(25, 'Patrícia Oliveira', 'Customer Service Rep', 502, '2024-01-19', 2),
(26, 'Lucas Fernandes', 'Technical Engineer', 502, '2024-03-21', 1),
(27, 'Renata Souza', 'Customer Service Rep', 502, '2024-05-10', 2);
-- ======================================================
-- PHASE 2.2.7 DATA INSERTION INTO THE BILLINGRECORDS TABLE
-- ======================================================
-- This is a python generated script following the logic:
-- select a random customer out of the 50. 
-- Select a random date, and a random plan
-- Add seasonality trends for paid, late and pending status, with a default trend of 'Paid': 0.6, 'Pending': 0.2, 'Late': 0.2
-- 120 records were generated
INSERT INTO BillingRecord (BillID, CustomerID, PlanID, TimeID, AmountDue, AmountPaid, PaymentStatus) VALUES
(574, 48, 3, 10, 40.00, 40.00, 'Paid'),
(277, 24, 2, 1, 25.00, 0.00, 'Late'),
(577, 49, 1, 1, 10.00, 10.00, 'Paid'),
(162, 14, 1, 6, 10.00, 10.00, 'Paid'),
(544, 46, 3, 4, 40.00, 0.00, 'Late'),
(563, 47, 3, 11, 40.00, 30.50, 'Pending'),
(296, 25, 3, 8, 40.00, 40.00, 'Paid'),
(104, 9, 3, 8, 40.00, 40.00, 'Paid'),
(421, 36, 2, 1, 25.00, 25.00, 'Paid'),
(155, 13, 2, 11, 25.00, 0.00, 'Late'),
(342, 29, 1, 6, 10.00, 7.37, 'Pending'),
(330, 28, 1, 6, 10.00, 10.00, 'Paid'),
(27, 3, 2, 3, 25.00, 25.00, 'Paid'),
(30, 3, 2, 6, 25.00, 16.19, 'Pending'),
(496, 42, 3, 4, 40.00, 40.00, 'Paid'),
(198, 17, 1, 6, 10.00, 7.14, 'Pending'),
(474, 40, 2, 6, 25.00, 0.00, 'Late'),
(186, 16, 1, 6, 10.00, 0.00, 'Late'),
(172, 15, 2, 4, 25.00, 25.00, 'Paid'),
(113, 10, 3, 5, 40.00, 25.77, 'Pending'),
(73, 7, 3, 1, 40.00, 0.00, 'Late'),
(590, 50, 2, 2, 25.00, 25.00, 'Paid'),
(523, 44, 3, 7, 40.00, 31.34, 'Pending'),
(58, 5, 1, 10, 10.00, 10.00, 'Paid'),
(560, 47, 3, 8, 40.00, 0.00, 'Late'),
(504, 42, 3, 12, 40.00, 0.00, 'Late'),
(311, 26, 3, 11, 40.00, 21.53, 'Pending'),
(391, 33, 1, 7, 10.00, 4.65, 'Pending'),
(374, 32, 2, 2, 25.00, 25.00, 'Paid'),
(298, 25, 3, 10, 40.00, 25.82, 'Pending'),
(592, 50, 2, 4, 25.00, 18.99, 'Pending'),
(140, 12, 3, 8, 40.00, 40.00, 'Paid'),
(510, 43, 1, 6, 10.00, 0.00, 'Late'),
(583, 49, 1, 7, 10.00, 5.42, 'Pending'),
(112, 10, 3, 4, 40.00, 40.00, 'Paid'),
(570, 48, 3, 6, 40.00, 22.24, 'Pending'),
(166, 14, 1, 10, 10.00, 10.00, 'Paid'),
(26, 3, 2, 2, 25.00, 0.00, 'Late'),
(249, 21, 3, 9, 40.00, 40.00, 'Paid'),
(85, 8, 1, 1, 10.00, 3.74, 'Pending'),
(250, 21, 3, 10, 40.00, 18.00, 'Pending'),
(442, 37, 2, 10, 25.00, 25.00, 'Paid'),
(275, 23, 3, 11, 40.00, 40.00, 'Paid'),
(285, 24, 2, 9, 25.00, 25.00, 'Paid'),
(60, 5, 1, 12, 10.00, 10.00, 'Paid'),
(219, 19, 2, 3, 25.00, 25.00, 'Paid'),
(444, 37, 2, 12, 25.00, 0.00, 'Late'),
(212, 18, 2, 8, 25.00, 0.00, 'Late'),
(579, 49, 1, 3, 10.00, 10.00, 'Paid'),
(526, 44, 3, 10, 40.00, 0.00, 'Late');
-- Second Python data chunck.
INSERT INTO BillingRecord (BillID, CustomerID, PlanID, TimeID, AmountDue, AmountPaid, PaymentStatus) VALUES
(23, 2, 2, 11, 25.00, 25.00, 'Paid'),
(205, 18, 2, 1, 25.00, 13.26, 'Pending'),
(479, 40, 2, 11, 25.00, 0.00, 'Late'),
(226, 19, 2, 10, 25.00, 25.00, 'Paid'),
(460, 39, 3, 4, 40.00, 25.63, 'Pending'),
(451, 38, 2, 7, 25.00, 25.00, 'Paid'),
(398, 34, 2, 2, 25.00, 0.00, 'Late'),
(528, 44, 3, 12, 40.00, 0.00, 'Late'),
(390, 33, 1, 6, 10.00, 0.00, 'Late'),
(287, 24, 2, 11, 25.00, 25.00, 'Paid'),
(331, 28, 1, 7, 10.00, 4.26, 'Pending'),
(566, 48, 3, 2, 40.00, 0.00, 'Late'),
(103, 9, 3, 7, 40.00, 40.00, 'Paid'),
(406, 34, 2, 10, 25.00, 0.00, 'Late'),
(59, 5, 1, 11, 10.00, 0.00, 'Late'),
(127, 11, 2, 7, 25.00, 25.00, 'Paid'),
(383, 32, 2, 11, 25.00, 25.00, 'Paid'),
(396, 33, 1, 12, 10.00, 10.00, 'Paid'),
(561, 47, 3, 9, 40.00, 40.00, 'Paid'),
(187, 16, 1, 7, 10.00, 10.00, 'Paid'),
(28, 3, 2, 4, 25.00, 25.00, 'Paid'),
(167, 14, 1, 11, 10.00, 10.00, 'Paid'),
(25, 3, 2, 1, 25.00, 25.00, 'Paid'),
(324, 27, 2, 12, 25.00, 16.57, 'Pending'),
(369, 31, 1, 9, 10.00, 3.53, 'Pending'),
(281, 24, 2, 5, 25.00, 25.00, 'Paid'),
(96, 8, 1, 12, 10.00, 0.00, 'Late'),
(600, 50, 2, 12, 25.00, 25.00, 'Paid'),
(240, 20, 2, 12, 25.00, 14.16, 'Pending'),
(598, 50, 2, 10, 25.00, 25.00, 'Paid'),
(261, 22, 3, 9, 40.00, 40.00, 'Paid'),
(92, 8, 1, 8, 10.00, 10.00, 'Paid'),
(229, 20, 2, 1, 25.00, 25.00, 'Paid'),
(401, 34, 2, 5, 25.00, 0.00, 'Late'),
(251, 21, 3, 11, 40.00, 0.00, 'Late'),
(512, 43, 1, 8, 10.00, 10.00, 'Paid'),
(156, 13, 2, 12, 25.00, 0.00, 'Late'),
(90, 8, 1, 6, 10.00, 10.00, 'Paid'),
(6, 1, 2, 6, 25.00, 25.00, 'Paid'),
(183, 16, 1, 3, 10.00, 10.00, 'Paid'),
(154, 13, 2, 10, 25.00, 25.00, 'Paid'),
(10, 1, 2, 10, 25.00, 25.00, 'Paid'),
(470, 40, 2, 2, 25.00, 25.00, 'Paid'),
(508, 43, 1, 4, 10.00, 0.00, 'Late'),
(482, 41, 2, 2, 25.00, 25.00, 'Paid'),
(481, 41, 2, 1, 25.00, 0.00, 'Late'),
(307, 26, 3, 7, 40.00, 0.00, 'Late'),
(304, 26, 3, 4, 40.00, 40.00, 'Paid'),
(124, 11, 2, 4, 25.00, 9.55, 'Pending'),
(532, 45, 3, 4, 40.00, 0.00, 'Late');
-- Third Python data chunck.
INSERT INTO BillingRecord (BillID, CustomerID, PlanID, TimeID, AmountDue, AmountPaid, PaymentStatus) VALUES
(299, 25, 3, 11, 40.00, 19.71, 'Pending'),
(340, 29, 1, 4, 10.00, 0.00, 'Late'),
(16, 2, 2, 4, 25.00, 25.00, 'Paid'),
(130, 11, 2, 10, 25.00, 25.00, 'Paid'),
(72, 6, 3, 12, 40.00, 13.47, 'Pending'),
(116, 10, 3, 8, 40.00, 40.00, 'Paid'),
(235, 20, 2, 7, 25.00, 8.78, 'Pending'),
(117, 10, 3, 9, 40.00, 40.00, 'Paid'),
(181, 16, 1, 1, 10.00, 0.00, 'Late'),
(507, 43, 1, 3, 10.00, 0.00, 'Late'),
(530, 45, 3, 2, 40.00, 15.00, 'Pending'),
(161, 14, 1, 5, 10.00, 10.00, 'Paid'),
(462, 39, 3, 6, 40.00, 40.00, 'Paid'),
(159, 14, 1, 3, 10.00, 0.00, 'Late'),
(586, 49, 1, 10, 10.00, 0.00, 'Late'),
(278, 24, 2, 2, 25.00, 25.00, 'Paid'),
(81, 7, 3, 9, 40.00, 0.00, 'Late'),
(259, 22, 3, 7, 40.00, 0.00, 'Late'),
(356, 30, 1, 8, 10.00, 10.00, 'Paid'),
(122, 11, 2, 2, 25.00, 25.00, 'Paid');
-- ======================================================
-- PHASE 2.2.8 DATA INSERTION INTO THE SUPPORTTICKET TABLE
-- ======================================================
-- Python generated records with some custom customer message and agent replies to simulate interaction
--  It has the list of issues types: 'Billing Issues', 'Technical Support', 'Account access', 'Data issues', 'Roaming inquiries', 'New service'
-- time stamps were added to simulate interaction times.
INSERT INTO SupportTicket (TicketID, CustomerID, BranchID, EmployeeID, TimeID, IssueType, Channel, ResolutionTime, CustomerSatisfaction, InteractionHistory, createdAt, updatedAt) VALUES
(1, 7, 101, 23, 5, 'Account access', 'Phone', 104, 1, '{"messages": [{"time": "2025-09-22T11:54:00", "Customer issue": "My plan does not work abroad."}, {"time": "2025-09-22T12:05:00", "Agent Response": "We are following some troubleshoot steps: please restart your device."}, {"time": "2025-09-22T13:30:00", "Resolution": "Billing issue was refunded. Confirmed via Phone."}]}', CURRENT_TIMESTAMP, CURRENT_TIMESTAMP),
(2, 34, 501, 18, 11, 'Account access', 'Phone', 124, 2, '{"messages": [{"time": "2025-05-27T11:35:00", "Customer issue": "I was charged twice."}, {"time": "2025-05-27T11:45:00", "Agent Response": "We are checking your account activity."}, {"time": "2025-05-27T12:59:00", "Resolution": "Billing issue was refunded. Confirmed via Phone."}]}', CURRENT_TIMESTAMP, CURRENT_TIMESTAMP),
(3, 45, 502, 9, 7, 'Billing Issues', 'Email', 111, 4, '{"messages": [{"time": "2025-04-08T12:08:00", "Customer issue": "Can not log into the app."}, {"time": "2025-04-08T12:17:00", "Agent Response": "Issue has been resolved. Please confirm and re-login."}, {"time": "2025-04-08T13:11:00", "Resolution": "Billing issue was refunded. Confirmed via Email."}]}', CURRENT_TIMESTAMP, CURRENT_TIMESTAMP),
(4, 43, 502, 27, 10, 'Data issues', 'Email', 45, 5, '{"messages": [{"time": "2025-04-25T09:38:00", "Customer issue": "Can not log into the app."}, {"time": "2025-04-25T09:51:00", "Agent Response": "We are checking your account activity."}, {"time": "2025-04-25T10:19:00", "Resolution": "Temporary outage was resolved. Confirmed via Email."}]}', CURRENT_TIMESTAMP, CURRENT_TIMESTAMP),
(5, 30, 401, 12, 12, 'Account access', 'Phone', 117, 2, '{"messages": [{"time": "2025-11-23T13:30:00", "Customer issue": "Data usage is incorrect."}, {"time": "2025-11-23T13:37:00", "Agent Response": "Thank you for your patience, we are checking in our system."}, {"time": "2025-11-23T15:18:00", "Resolution": "Billing issue was refunded. Confirmed via Phone."}]}', CURRENT_TIMESTAMP, CURRENT_TIMESTAMP),
(6, 7, 101, 18, 11, 'Roaming inquiries', 'Phone', 145, 4, '{"messages": [{"time": "2025-09-10T14:41:00", "Customer issue": "Can not log into the app."}, {"time": "2025-09-10T14:52:00", "Agent Response": "We are checking your account activity."}, {"time": "2025-09-10T16:31:00", "Resolution": "Temporary outage was resolved. Confirmed via Phone."}]}', CURRENT_TIMESTAMP, CURRENT_TIMESTAMP),
(7, 42, 502, 9, 1, 'Roaming inquiries', 'Phone', 104, 4, '{"messages": [{"time": "2025-08-07T11:37:00", "Customer issue": "Can not log into the app."}, {"time": "2025-08-07T11:43:00", "Agent Response": "We are checking your account activity."}, {"time": "2025-08-07T13:55:00", "Resolution": "Reset was applied to the line. Confirmed via Phone."}]}', CURRENT_TIMESTAMP, CURRENT_TIMESTAMP),
(8, 45, 502, 6, 3, 'Billing Issues', 'Phone', 99, 3, '{"messages": [{"time": "2025-06-16T12:45:00", "Customer issue": "No signal since morning."}, {"time": "2025-06-16T12:55:00", "Agent Response": "We are following some troubleshoot steps: please restart your device."}, {"time": "2025-06-16T13:28:00", "Resolution": "Billing issue was refunded. Confirmed via Phone."}]}', CURRENT_TIMESTAMP, CURRENT_TIMESTAMP),
(9, 21, 301, 25, 6, 'Account access', 'Email', 114, 2, '{"messages": [{"time": "2025-09-05T15:42:00", "Customer issue": "No signal since morning."}, {"time": "2025-09-05T15:49:00", "Agent Response": "We will escalate this to our engineering team."}, {"time": "2025-09-05T16:56:00", "Resolution": "Account access has been restored. Confirmed via Email."}]}', CURRENT_TIMESTAMP, CURRENT_TIMESTAMP),
(10, 36, 501, 6, 3, 'Roaming inquiries', 'Email', 23, 5, '{"messages": [{"time": "2025-01-27T12:53:00", "Customer issue": "Can not log into the app."}, {"time": "2025-01-27T13:02:00", "Agent Response": "Issue has been resolved. Please confirm and re-login."}, {"time": "2025-01-27T13:26:00", "Resolution": "Temporary outage was resolved. Confirmed via Email."}]}', CURRENT_TIMESTAMP, CURRENT_TIMESTAMP),
(11, 44, 502, 2, 1, 'Billing Issues', 'Phone', 140, 3, '{"messages": [{"time": "2025-08-16T14:05:00", "Customer issue": "No signal since morning."}, {"time": "2025-08-16T14:16:00", "Agent Response": "Issue has been resolved. Please confirm and re-login."}, {"time": "2025-08-16T16:38:00", "Resolution": "Temporary outage was resolved. Confirmed via Phone."}]}', CURRENT_TIMESTAMP, CURRENT_TIMESTAMP),
(12, 3, 101, 2, 12, 'New service', 'App', 110, 4, '{"messages": [{"time": "2025-12-01T10:40:00", "Customer issue": "No signal since morning."}, {"time": "2025-12-01T10:55:00", "Agent Response": "We are checking your account activity."}, {"time": "2025-12-01T12:51:00", "Resolution": "New SIM card dispatched. Confirmed via App."}]}', CURRENT_TIMESTAMP, CURRENT_TIMESTAMP),
(13, 22, 301, 18, 4, 'Roaming inquiries', 'App', 85, 5, '{"messages": [{"time": "2025-04-14T15:13:00", "Customer issue": "No signal since morning."}, {"time": "2025-04-14T15:22:00", "Agent Response": "We will escalate this to our engineering team."}, {"time": "2025-04-14T17:05:00", "Resolution": "Account access has been restored. Confirmed via App."}]}', CURRENT_TIMESTAMP, CURRENT_TIMESTAMP),
(14, 8, 101, 2, 7, 'Technical Support', 'In-Person', 67, 5, '{"messages": [{"time": "2025-10-18T13:04:00", "Customer issue": "Can not log into the app."}, {"time": "2025-10-18T13:17:00", "Agent Response": "Thank you for your patience, we are checking in our system."}, {"time": "2025-10-18T14:55:00", "Resolution": "Billing issue was refunded. Confirmed via In-Person."}]}', CURRENT_TIMESTAMP, CURRENT_TIMESTAMP),
(15, 22, 301, 12, 9, 'Billing Issues', 'Email', 137, 2, '{"messages": [{"time": "2025-12-16T13:08:00", "Customer issue": "Data usage is incorrect."}, {"time": "2025-12-16T13:18:00", "Agent Response": "We are following some troubleshoot steps: please restart your device."}, {"time": "2025-12-16T15:08:00", "Resolution": "Temporary outage was resolved. Confirmed via Email."}]}', CURRENT_TIMESTAMP, CURRENT_TIMESTAMP),
(16, 8, 101, 9, 1, 'Billing Issues', 'Email', 95, 4, '{"messages": [{"time": "2025-04-01T17:16:00", "Customer issue": "Data usage is incorrect."}, {"time": "2025-04-01T17:25:00", "Agent Response": "We are checking your account activity."}, {"time": "2025-04-01T19:40:00", "Resolution": "Billing issue was refunded. Confirmed via Email."}]}', CURRENT_TIMESTAMP, CURRENT_TIMESTAMP),
(17, 19, 201, 27, 2, 'New service', 'Email', 85, 5, '{"messages": [{"time": "2025-11-23T17:03:00", "Customer issue": "Data usage is incorrect."}, {"time": "2025-11-23T17:11:00", "Agent Response": "Thank you for your patience, we are checking in our system."}, {"time": "2025-11-23T17:32:00", "Resolution": "New SIM card dispatched. Confirmed via Email."}]}', CURRENT_TIMESTAMP, CURRENT_TIMESTAMP),
(18, 46, 502, 9, 1, 'Roaming inquiries', 'Phone', 42, 5, '{"messages": [{"time": "2025-05-25T09:22:00", "Customer issue": "My plan does not work abroad."}, {"time": "2025-05-25T09:27:00", "Agent Response": "We will escalate this to our engineering team."}, {"time": "2025-05-25T10:50:00", "Resolution": "Temporary outage was resolved. Confirmed via Phone."}]}', CURRENT_TIMESTAMP, CURRENT_TIMESTAMP),
(19, 22, 301, 2, 3, 'Roaming inquiries', 'App', 122, 2, '{"messages": [{"time": "2025-08-01T10:22:00", "Customer issue": "I was charged twice."}, {"time": "2025-08-01T10:34:00", "Agent Response": "We will escalate this to our engineering team."}, {"time": "2025-08-01T12:46:00", "Resolution": "Reset was applied to the line. Confirmed via App."}]}', CURRENT_TIMESTAMP, CURRENT_TIMESTAMP),
(20, 1, 101, 6, 9, 'Account access', 'Phone', 136, 1, '{"messages": [{"time": "2025-09-04T17:29:00", "Customer issue": "Can not log into the app."}, {"time": "2025-09-04T17:39:00", "Agent Response": "Issue has been resolved. Please confirm and re-login."}, {"time": "2025-09-04T19:09:00", "Resolution": "New SIM card dispatched. Confirmed via Phone."}]}', CURRENT_TIMESTAMP, CURRENT_TIMESTAMP),
(21, 11, 102, 25, 9, 'Technical Support', 'App', 140, 4, '{"messages": [{"time": "2025-12-02T17:04:00", "Customer issue": "My plan does not work abroad."}, {"time": "2025-12-02T17:11:00", "Agent Response": "Thank you for your patience, we are checking in our system."}, {"time": "2025-12-02T18:03:00", "Resolution": "New SIM card dispatched. Confirmed via App."}]}', CURRENT_TIMESTAMP, CURRENT_TIMESTAMP),
(22, 2, 101, 25, 5, 'New service', 'In-Person', 143, 3, '{"messages": [{"time": "2025-06-09T14:35:00", "Customer issue": "Can not log into the app."}, {"time": "2025-06-09T14:48:00", "Agent Response": "Issue has been resolved. Please confirm and re-login."}, {"time": "2025-06-09T16:52:00", "Resolution": "Account access has been restored. Confirmed via In-Person."}]}', CURRENT_TIMESTAMP, CURRENT_TIMESTAMP),
(23, 16, 201, 18, 1, 'New service', 'Phone', 31, 5, '{"messages": [{"time": "2025-06-18T14:18:00", "Customer issue": "I was charged twice."}, {"time": "2025-06-18T14:28:00", "Agent Response": "We are checking your account activity."}, {"time": "2025-06-18T15:48:00", "Resolution": "Billing issue was refunded. Confirmed via Phone."}]}', CURRENT_TIMESTAMP, CURRENT_TIMESTAMP),
(24, 25, 302, 23, 6, 'Roaming inquiries', 'App', 96, 4, '{"messages": [{"time": "2025-05-22T15:08:00", "Customer issue": "I was charged twice."}, {"time": "2025-05-22T15:22:00", "Agent Response": "Issue has been resolved. Please confirm and re-login."}, {"time": "2025-05-22T16:37:00", "Resolution": "Temporary outage was resolved. Confirmed via App."}]}', CURRENT_TIMESTAMP, CURRENT_TIMESTAMP),
(25, 25, 302, 2, 2, 'Account access', 'App', 27, 5, '{"messages": [{"time": "2025-01-01T12:27:00", "Customer issue": "My plan does not work abroad."}, {"time": "2025-01-01T12:41:00", "Agent Response": "We are following some troubleshoot steps: please restart your device."}, {"time": "2025-01-01T13:44:00", "Resolution": "Account access has been restored. Confirmed via App."}]}', CURRENT_TIMESTAMP, CURRENT_TIMESTAMP),
(26, 35, 501, 2, 1, 'New service', 'In-Person', 13, 5, '{"messages": [{"time": "2025-02-19T16:22:00", "Customer issue": "No signal since morning."}, {"time": "2025-02-19T16:37:00", "Agent Response": "We are following some troubleshoot steps: please restart your device."}, {"time": "2025-02-19T16:58:00", "Resolution": "Temporary outage was resolved. Confirmed via In-Person."}]}', CURRENT_TIMESTAMP, CURRENT_TIMESTAMP),
(27, 30, 401, 27, 11, 'Technical Support', 'In-Person', 165, 1, '{"messages": [{"time": "2025-08-23T12:38:00", "Customer issue": "Data usage is incorrect."}, {"time": "2025-08-23T12:49:00", "Agent Response": "We are checking your account activity."}, {"time": "2025-08-23T13:50:00", "Resolution": "Billing issue was refunded. Confirmed via In-Person."}]}', CURRENT_TIMESTAMP, CURRENT_TIMESTAMP),
(28, 27, 401, 15, 9, 'Account access', 'Email', 126, 3, '{"messages": [{"time": "2025-02-12T12:25:00", "Customer issue": "Data usage is incorrect."}, {"time": "2025-02-12T12:34:00", "Agent Response": "Thank you for your patience, we are checking in our system."}, {"time": "2025-02-12T13:29:00", "Resolution": "Temporary outage was resolved. Confirmed via Email."}]}', CURRENT_TIMESTAMP, CURRENT_TIMESTAMP),
(29, 4, 101, 9, 3, 'New service', 'Email', 177, 2, '{"messages": [{"time": "2025-07-22T17:10:00", "Customer issue": "I was charged twice."}, {"time": "2025-07-22T17:19:00", "Agent Response": "We are following some troubleshoot steps: please restart your device."}, {"time": "2025-07-22T18:05:00", "Resolution": "Billing issue was refunded. Confirmed via Email."}]}', CURRENT_TIMESTAMP, CURRENT_TIMESTAMP),
(30, 34, 501, 6, 9, 'Technical Support', 'Email', 152, 1, '{"messages": [{"time": "2025-03-25T13:24:00", "Customer issue": "I was charged twice."}, {"time": "2025-03-25T13:32:00", "Agent Response": "Thank you for your patience, we are checking in our system."}, {"time": "2025-03-25T15:42:00", "Resolution": "Reset was applied to the line. Confirmed via Email."}]}', CURRENT_TIMESTAMP, CURRENT_TIMESTAMP),
(31, 49, 502, 2, 4, 'Technical Support', 'In-Person', 128, 4, '{"messages": [{"time": "2025-06-08T17:27:00", "Customer issue": "My plan does not work abroad."}, {"time": "2025-06-08T17:37:00", "Agent Response": "We are following some troubleshoot steps: please restart your device."}, {"time": "2025-06-08T18:35:00", "Resolution": "Temporary outage was resolved. Confirmed via In-Person."}]}', CURRENT_TIMESTAMP, CURRENT_TIMESTAMP),
(32, 22, 301, 27, 2, 'Technical Support', 'Email', 132, 2, '{"messages": [{"time": "2025-10-18T09:47:00", "Customer issue": "My plan does not work abroad."}, {"time": "2025-10-18T09:55:00", "Agent Response": "We will escalate this to our engineering team."}, {"time": "2025-10-18T10:38:00", "Resolution": "Account access has been restored. Confirmed via Email."}]}', CURRENT_TIMESTAMP, CURRENT_TIMESTAMP),
(33, 17, 201, 9, 12, 'Data issues', 'Email', 51, 5, '{"messages": [{"time": "2025-06-06T14:14:00", "Customer issue": "No signal since morning."}, {"time": "2025-06-06T14:22:00", "Agent Response": "We are checking your account activity."}, {"time": "2025-06-06T14:44:00", "Resolution": "Billing issue was refunded. Confirmed via Email."}]}', CURRENT_TIMESTAMP, CURRENT_TIMESTAMP),
(34, 30, 401, 18, 3, 'Billing Issues', 'In-Person', 115, 2, '{"messages": [{"time": "2025-07-26T12:25:00", "Customer issue": "No signal since morning."}, {"time": "2025-07-26T12:37:00", "Agent Response": "We are following some troubleshoot steps: please restart your device."}, {"time": "2025-07-26T13:38:00", "Resolution": "Reset was applied to the line. Confirmed via In-Person."}]}', CURRENT_TIMESTAMP, CURRENT_TIMESTAMP),
(35, 16, 201, 27, 11, 'New service', 'App', 52, 5, '{"messages": [{"time": "2025-04-28T13:37:00", "Customer issue": "Data usage is incorrect."}, {"time": "2025-04-28T13:51:00", "Agent Response": "Thank you for your patience, we are checking in our system."}, {"time": "2025-04-28T14:18:00", "Resolution": "New SIM card dispatched. Confirmed via App."}]}', CURRENT_TIMESTAMP, CURRENT_TIMESTAMP),
(36, 38, 501, 2, 10, 'Roaming inquiries', 'Email', 55, 5, '{"messages": [{"time": "2025-10-06T15:23:00", "Customer issue": "Can not log into the app."}, {"time": "2025-10-06T15:34:00", "Agent Response": "Thank you for your patience, we are checking in our system."}, {"time": "2025-10-06T17:48:00", "Resolution": "New SIM card dispatched. Confirmed via Email."}]}', CURRENT_TIMESTAMP, CURRENT_TIMESTAMP),
(37, 48, 502, 2, 6, 'Account access', 'In-Person', 31, 5, '{"messages": [{"time": "2025-02-07T11:51:00", "Customer issue": "No signal since morning."}, {"time": "2025-02-07T11:57:00", "Agent Response": "We are checking your account activity."}, {"time": "2025-02-07T13:22:00", "Resolution": "Account access has been restored. Confirmed via In-Person."}]}', CURRENT_TIMESTAMP, CURRENT_TIMESTAMP),
(38, 7, 101, 12, 3, 'New service', 'In-Person', 97, 2, '{"messages": [{"time": "2025-08-10T13:00:00", "Customer issue": "No signal since morning."}, {"time": "2025-08-10T13:09:00", "Agent Response": "We will escalate this to our engineering team."}, {"time": "2025-08-10T15:19:00", "Resolution": "Account access has been restored. Confirmed via In-Person."}]}', CURRENT_TIMESTAMP, CURRENT_TIMESTAMP),
(39, 46, 502, 23, 12, 'Account access', 'Phone', 76, 5, '{"messages": [{"time": "2025-12-15T11:59:00", "Customer issue": "I was charged twice."}, {"time": "2025-12-15T12:05:00", "Agent Response": "Issue has been resolved. Please confirm and re-login."}, {"time": "2025-12-15T13:45:00", "Resolution": "Reset was applied to the line. Confirmed via Phone."}]}', CURRENT_TIMESTAMP, CURRENT_TIMESTAMP),
(40, 7, 101, 25, 9, 'Account access', 'Phone', 93, 3, '{"messages": [{"time": "2025-02-25T09:56:00", "Customer issue": "No signal since morning."}, {"time": "2025-02-25T10:09:00", "Agent Response": "We will escalate this to our engineering team."}, {"time": "2025-02-25T11:48:00", "Resolution": "Reset was applied to the line. Confirmed via Phone."}]}', CURRENT_TIMESTAMP, CURRENT_TIMESTAMP),
(41, 4, 101, 9, 6, 'Technical Support', 'Phone', 100, 2, '{"messages": [{"time": "2025-09-10T16:29:00", "Customer issue": "My plan does not work abroad."}, {"time": "2025-09-10T16:43:00", "Agent Response": "Thank you for your patience, we are checking in our system."}, {"time": "2025-09-10T18:14:00", "Resolution": "Reset was applied to the line. Confirmed via Phone."}]}', CURRENT_TIMESTAMP, CURRENT_TIMESTAMP),
(42, 21, 301, 27, 6, 'Data issues', 'Phone', 174, 3, '{"messages": [{"time": "2025-12-12T16:16:00", "Customer issue": "No signal since morning."}, {"time": "2025-12-12T16:26:00", "Agent Response": "We are checking your account activity."}, {"time": "2025-12-12T17:23:00", "Resolution": "Reset was applied to the line. Confirmed via Phone."}]}', CURRENT_TIMESTAMP, CURRENT_TIMESTAMP),
(43, 22, 301, 9, 5, 'Billing Issues', 'Phone', 179, 1, '{"messages": [{"time": "2025-11-01T12:55:00", "Customer issue": "Data usage is incorrect."}, {"time": "2025-11-01T13:10:00", "Agent Response": "We are following some troubleshoot steps: please restart your device."}, {"time": "2025-11-01T14:21:00", "Resolution": "New SIM card dispatched. Confirmed via Phone."}]}', CURRENT_TIMESTAMP, CURRENT_TIMESTAMP),
(44, 3, 101, 9, 12, 'New service', 'App', 127, 2, '{"messages": [{"time": "2025-03-07T15:26:00", "Customer issue": "Can not log into the app."}, {"time": "2025-03-07T15:38:00", "Agent Response": "Issue has been resolved. Please confirm and re-login."}, {"time": "2025-03-07T17:03:00", "Resolution": "Account access has been restored. Confirmed via App."}]}', CURRENT_TIMESTAMP, CURRENT_TIMESTAMP),
(45, 14, 102, 15, 11, 'Account access', 'In-Person', 88, 5, '{"messages": [{"time": "2025-12-23T17:28:00", "Customer issue": "I was charged twice."}, {"time": "2025-12-23T17:33:00", "Agent Response": "Issue has been resolved. Please confirm and re-login."}, {"time": "2025-12-23T17:55:00", "Resolution": "Reset was applied to the line. Confirmed via In-Person."}]}', CURRENT_TIMESTAMP, CURRENT_TIMESTAMP),
(46, 43, 502, 6, 8, 'New service', 'App', 180, 3, '{"messages": [{"time": "2025-08-13T11:30:00", "Customer issue": "My plan does not work abroad."}, {"time": "2025-08-13T11:38:00", "Agent Response": "We are checking your account activity."}, {"time": "2025-08-13T13:57:00", "Resolution": "Reset was applied to the line. Confirmed via App."}]}', CURRENT_TIMESTAMP, CURRENT_TIMESTAMP),
(47, 32, 501, 18, 8, 'Billing Issues', 'In-Person', 161, 3, '{"messages": [{"time": "2025-12-19T09:56:00", "Customer issue": "My plan does not work abroad."}, {"time": "2025-12-19T10:03:00", "Agent Response": "We are following some troubleshoot steps: please restart your device."}, {"time": "2025-12-19T10:46:00", "Resolution": "Account access has been restored. Confirmed via In-Person."}]}', CURRENT_TIMESTAMP, CURRENT_TIMESTAMP),
(48, 21, 301, 6, 1, 'New service', 'In-Person', 47, 5, '{"messages": [{"time": "2025-10-17T17:06:00", "Customer issue": "I was charged twice."}, {"time": "2025-10-17T17:20:00", "Agent Response": "Issue has been resolved. Please confirm and re-login."}, {"time": "2025-10-17T17:41:00", "Resolution": "Temporary outage was resolved. Confirmed via In-Person."}]}', CURRENT_TIMESTAMP, CURRENT_TIMESTAMP),
(49, 36, 501, 21, 11, 'Account access', 'Phone', 132, 2, '{"messages": [{"time": "2025-04-19T09:23:00", "Customer issue": "Data usage is incorrect."}, {"time": "2025-04-19T09:34:00", "Agent Response": "We are following some troubleshoot steps: please restart your device."}, {"time": "2025-04-19T11:26:00", "Resolution": "Account access has been restored. Confirmed via Phone."}]}', CURRENT_TIMESTAMP, CURRENT_TIMESTAMP),
(50, 25, 302, 12, 9, 'Roaming inquiries', 'Email', 132, 1, '{"messages": [{"time": "2025-12-12T17:45:00", "Customer issue": "No signal since morning."}, {"time": "2025-12-12T18:00:00", "Agent Response": "We are checking your account activity."}, {"time": "2025-12-12T19:49:00", "Resolution": "New SIM card dispatched. Confirmed via Email."}]}', CURRENT_TIMESTAMP, CURRENT_TIMESTAMP);
-- -------------------------------------------------------------------------------------------------
INSERT INTO SupportTicket (TicketID, CustomerID, BranchID, EmployeeID, TimeID, IssueType, Channel, ResolutionTime, CustomerSatisfaction, InteractionHistory, createdAt, updatedAt) VALUES
(51, 17, 201, 18, 11, 'Roaming inquiries', 'Email', 119, 1, '{"messages": [{"time": "2025-03-23T16:18:00", "Customer issue": "I was charged twice."}, {"time": "2025-03-23T16:28:00", "Agent Response": "Issue has been resolved. Please confirm and re-login."}, {"time": "2025-03-23T17:54:00", "Resolution": "Account access has been restored. Confirmed via Email."}]}', CURRENT_TIMESTAMP, CURRENT_TIMESTAMP),
(52, 42, 502, 4, 7, 'Account access', 'App', 167, 4, '{"messages": [{"time": "2025-05-12T10:46:00", "Customer issue": "Can not log into the app."}, {"time": "2025-05-12T10:54:00", "Agent Response": "We are checking your account activity."}, {"time": "2025-05-12T11:35:00", "Resolution": "Temporary outage was resolved. Confirmed via App."}]}', CURRENT_TIMESTAMP, CURRENT_TIMESTAMP),
(53, 2, 101, 15, 12, 'Account access', 'Phone', 158, 3, '{"messages": [{"time": "2025-05-12T15:34:00", "Customer issue": "My plan does not work abroad."}, {"time": "2025-05-12T15:49:00", "Agent Response": "We will escalate this to our engineering team."}, {"time": "2025-05-12T17:13:00", "Resolution": "Billing issue was refunded. Confirmed via Phone."}]}', CURRENT_TIMESTAMP, CURRENT_TIMESTAMP),
(54, 6, 101, 21, 5, 'Technical Support', 'App', 163, 4, '{"messages": [{"time": "2025-02-08T10:12:00", "Customer issue": "I was charged twice."}, {"time": "2025-02-08T10:25:00", "Agent Response": "We are checking your account activity."}, {"time": "2025-02-08T11:42:00", "Resolution": "Temporary outage was resolved. Confirmed via App."}]}', CURRENT_TIMESTAMP, CURRENT_TIMESTAMP),
(55, 2, 101, 27, 1, 'Roaming inquiries', 'Email', 49, 5, '{"messages": [{"time": "2025-07-05T15:32:00", "Customer issue": "I was charged twice."}, {"time": "2025-07-05T15:44:00", "Agent Response": "Issue has been resolved. Please confirm and re-login."}, {"time": "2025-07-05T16:38:00", "Resolution": "Reset was applied to the line. Confirmed via Email."}]}', CURRENT_TIMESTAMP, CURRENT_TIMESTAMP),
(56, 26, 302, 25, 7, 'Billing Issues', 'Phone', 57, 5, '{"messages": [{"time": "2025-09-06T11:05:00", "Customer issue": "I was charged twice."}, {"time": "2025-09-06T11:18:00", "Agent Response": "We are following some troubleshoot steps: please restart your device."}, {"time": "2025-09-06T13:47:00", "Resolution": "New SIM card dispatched. Confirmed via Phone."}]}', CURRENT_TIMESTAMP, CURRENT_TIMESTAMP),
(57, 26, 302, 6, 1, 'Billing Issues', 'In-Person', 19, 5, '{"messages": [{"time": "2025-06-21T16:05:00", "Customer issue": "Can not log into the app."}, {"time": "2025-06-21T16:20:00", "Agent Response": "We are following some troubleshoot steps: please restart your device."}, {"time": "2025-06-21T16:56:00", "Resolution": "Billing issue was refunded. Confirmed via In-Person."}]}', CURRENT_TIMESTAMP, CURRENT_TIMESTAMP),
(58, 32, 501, 25, 12, 'Account access', 'Phone', 117, 2, '{"messages": [{"time": "2025-08-27T09:51:00", "Customer issue": "No signal since morning."}, {"time": "2025-08-27T09:59:00", "Agent Response": "We are checking your account activity."}, {"time": "2025-08-27T11:29:00", "Resolution": "Reset was applied to the line. Confirmed via Phone."}]}', CURRENT_TIMESTAMP, CURRENT_TIMESTAMP),
(59, 6, 101, 23, 9, 'Data issues', 'Phone', 28, 5, '{"messages": [{"time": "2025-03-16T15:35:00", "Customer issue": "Data usage is incorrect."}, {"time": "2025-03-16T15:48:00", "Agent Response": "We are following some troubleshoot steps: please restart your device."}, {"time": "2025-03-16T16:38:00", "Resolution": "Reset was applied to the line. Confirmed via Phone."}]}', CURRENT_TIMESTAMP, CURRENT_TIMESTAMP),
(60, 13, 102, 15, 5, 'Account access', 'Email', 85, 5, '{"messages": [{"time": "2025-01-09T14:09:00", "Customer issue": "I was charged twice."}, {"time": "2025-01-09T14:19:00", "Agent Response": "Issue has been resolved. Please confirm and re-login."}, {"time": "2025-01-09T14:55:00", "Resolution": "Account access has been restored. Confirmed via Email."}]}', CURRENT_TIMESTAMP, CURRENT_TIMESTAMP),
(61, 35, 501, 27, 7, 'New service', 'In-Person', 56, 5, '{"messages": [{"time": "2025-06-20T11:56:00", "Customer issue": "Can not log into the app."}, {"time": "2025-06-20T12:07:00", "Agent Response": "We will escalate this to our engineering team."}, {"time": "2025-06-20T13:55:00", "Resolution": "Account access has been restored. Confirmed via In-Person."}]}', CURRENT_TIMESTAMP, CURRENT_TIMESTAMP),
(62, 17, 201, 21, 1, 'Technical Support', 'In-Person', 99, 4, '{"messages": [{"time": "2025-04-03T13:04:00", "Customer issue": "My plan does not work abroad."}, {"time": "2025-04-03T13:17:00", "Agent Response": "Thank you for your patience, we are checking in our system."}, {"time": "2025-04-03T14:45:00", "Resolution": "New SIM card dispatched. Confirmed via In-Person."}]}', CURRENT_TIMESTAMP, CURRENT_TIMESTAMP),
(63, 26, 302, 23, 4, 'Technical Support', 'App', 169, 3, '{"messages": [{"time": "2025-01-03T14:30:00", "Customer issue": "Data usage is incorrect."}, {"time": "2025-01-03T14:35:00", "Agent Response": "We will escalate this to our engineering team."}, {"time": "2025-01-03T16:37:00", "Resolution": "Reset was applied to the line. Confirmed via App."}]}', CURRENT_TIMESTAMP, CURRENT_TIMESTAMP),
(64, 41, 502, 15, 6, 'Data issues', 'Phone', 16, 5, '{"messages": [{"time": "2025-08-12T09:20:00", "Customer issue": "I was charged twice."}, {"time": "2025-08-12T09:31:00", "Agent Response": "We are checking your account activity."}, {"time": "2025-08-12T11:09:00", "Resolution": "Temporary outage was resolved. Confirmed via Phone."}]}', CURRENT_TIMESTAMP, CURRENT_TIMESTAMP),
(65, 5, 101, 12, 1, 'Billing Issues', 'Email', 27, 5, '{"messages": [{"time": "2025-12-26T11:24:00", "Customer issue": "No signal since morning."}, {"time": "2025-12-26T11:38:00", "Agent Response": "We are checking your account activity."}, {"time": "2025-12-26T12:22:00", "Resolution": "New SIM card dispatched. Confirmed via Email."}]}', CURRENT_TIMESTAMP, CURRENT_TIMESTAMP),
(66, 38, 501, 27, 2, 'New service', 'App', 38, 5, '{"messages": [{"time": "2025-07-25T11:50:00", "Customer issue": "Data usage is incorrect."}, {"time": "2025-07-25T11:55:00", "Agent Response": "We will escalate this to our engineering team."}, {"time": "2025-07-25T13:37:00", "Resolution": "Billing issue was refunded. Confirmed via App."}]}', CURRENT_TIMESTAMP, CURRENT_TIMESTAMP),
(67, 20, 301, 2, 8, 'New service', 'Email', 103, 3, '{"messages": [{"time": "2025-01-01T15:45:00", "Customer issue": "Data usage is incorrect."}, {"time": "2025-01-01T16:00:00", "Agent Response": "We are checking your account activity."}, {"time": "2025-01-01T17:11:00", "Resolution": "Reset was applied to the line. Confirmed via Email."}]}', CURRENT_TIMESTAMP, CURRENT_TIMESTAMP),
(68, 49, 502, 25, 11, 'New service', 'Email', 31, 5, '{"messages": [{"time": "2025-04-11T11:31:00", "Customer issue": "Data usage is incorrect."}, {"time": "2025-04-11T11:45:00", "Agent Response": "Issue has been resolved. Please confirm and re-login."}, {"time": "2025-04-11T14:11:00", "Resolution": "Account access has been restored. Confirmed via Email."}]}', CURRENT_TIMESTAMP, CURRENT_TIMESTAMP),
(69, 13, 102, 21, 6, 'Account access', 'Phone', 107, 1, '{"messages": [{"time": "2025-09-07T16:31:00", "Customer issue": "I was charged twice."}, {"time": "2025-09-07T16:43:00", "Agent Response": "We will escalate this to our engineering team."}, {"time": "2025-09-07T17:54:00", "Resolution": "Account access has been restored. Confirmed via Phone."}]}', CURRENT_TIMESTAMP, CURRENT_TIMESTAMP),
(70, 21, 301, 4, 10, 'Data issues', 'In-Person', 153, 1, '{"messages": [{"time": "2025-08-09T15:14:00", "Customer issue": "No signal since morning."}, {"time": "2025-08-09T15:27:00", "Agent Response": "Issue has been resolved. Please confirm and re-login."}, {"time": "2025-08-09T17:13:00", "Resolution": "Temporary outage was resolved. Confirmed via In-Person."}]}', CURRENT_TIMESTAMP, CURRENT_TIMESTAMP),
(71, 6, 101, 4, 2, 'Data issues', 'In-Person', 41, 5, '{"messages": [{"time": "2025-02-03T09:44:00", "Customer issue": "My plan does not work abroad."}, {"time": "2025-02-03T09:51:00", "Agent Response": "We are checking your account activity."}, {"time": "2025-02-03T11:02:00", "Resolution": "New SIM card dispatched. Confirmed via In-Person."}]}', CURRENT_TIMESTAMP, CURRENT_TIMESTAMP),
(72, 19, 201, 25, 6, 'New service', 'Email', 34, 5, '{"messages": [{"time": "2025-02-19T14:33:00", "Customer issue": "I was charged twice."}, {"time": "2025-02-19T14:44:00", "Agent Response": "We are checking your account activity."}, {"time": "2025-02-19T15:30:00", "Resolution": "New SIM card dispatched. Confirmed via Email."}]}', CURRENT_TIMESTAMP, CURRENT_TIMESTAMP),
(73, 47, 502, 12, 5, 'Account access', 'In-Person', 15, 5, '{"messages": [{"time": "2025-05-08T13:27:00", "Customer issue": "My plan does not work abroad."}, {"time": "2025-05-08T13:34:00", "Agent Response": "We will escalate this to our engineering team."}, {"time": "2025-05-08T15:28:00", "Resolution": "Temporary outage was resolved. Confirmed via In-Person."}]}', CURRENT_TIMESTAMP, CURRENT_TIMESTAMP),
(74, 37, 501, 23, 5, 'Technical Support', 'App', 14, 5, '{"messages": [{"time": "2025-10-02T09:01:00", "Customer issue": "My plan does not work abroad."}, {"time": "2025-10-02T09:12:00", "Agent Response": "We will escalate this to our engineering team."}, {"time": "2025-10-02T10:43:00", "Resolution": "Account access has been restored. Confirmed via App."}]}', CURRENT_TIMESTAMP, CURRENT_TIMESTAMP),
(75, 19, 201, 9, 7, 'Data issues', 'App', 104, 2, '{"messages": [{"time": "2025-04-26T16:04:00", "Customer issue": "My plan does not work abroad."}, {"time": "2025-04-26T16:10:00", "Agent Response": "We are following some troubleshoot steps: please restart your device."}, {"time": "2025-04-26T17:12:00", "Resolution": "Billing issue was refunded. Confirmed via App."}]}', CURRENT_TIMESTAMP, CURRENT_TIMESTAMP),
(76, 43, 502, 15, 2, 'Technical Support', 'In-Person', 21, 5, '{"messages": [{"time": "2025-10-13T15:46:00", "Customer issue": "My plan does not work abroad."}, {"time": "2025-10-13T15:53:00", "Agent Response": "We are checking your account activity."}, {"time": "2025-10-13T17:56:00", "Resolution": "Account access has been restored. Confirmed via In-Person."}]}', CURRENT_TIMESTAMP, CURRENT_TIMESTAMP),
(77, 34, 501, 18, 5, 'Roaming inquiries', 'In-Person', 122, 4, '{"messages": [{"time": "2025-10-20T10:17:00", "Customer issue": "Data usage is incorrect."}, {"time": "2025-10-20T10:26:00", "Agent Response": "We are following some troubleshoot steps: please restart your device."}, {"time": "2025-10-20T11:15:00", "Resolution": "Account access has been restored. Confirmed via In-Person."}]}', CURRENT_TIMESTAMP, CURRENT_TIMESTAMP),
(78, 10, 102, 21, 7, 'Account access', 'Phone', 55, 5, '{"messages": [{"time": "2025-05-17T13:19:00", "Customer issue": "Data usage is incorrect."}, {"time": "2025-05-17T13:26:00", "Agent Response": "Thank you for your patience, we are checking in our system."}, {"time": "2025-05-17T15:02:00", "Resolution": "Reset was applied to the line. Confirmed via Phone."}]}', CURRENT_TIMESTAMP, CURRENT_TIMESTAMP),
(79, 19, 201, 12, 2, 'New service', 'Email', 24, 5, '{"messages": [{"time": "2025-10-21T14:08:00", "Customer issue": "Can not log into the app."}, {"time": "2025-10-21T14:16:00", "Agent Response": "Thank you for your patience, we are checking in our system."}, {"time": "2025-10-21T14:44:00", "Resolution": "Temporary outage was resolved. Confirmed via Email."}]}', CURRENT_TIMESTAMP, CURRENT_TIMESTAMP),
(80, 28, 401, 12, 2, 'Billing Issues', 'Phone', 97, 4, '{"messages": [{"time": "2025-12-24T11:37:00", "Customer issue": "Can not log into the app."}, {"time": "2025-12-24T11:47:00", "Agent Response": "We are following some troubleshoot steps: please restart your device."}, {"time": "2025-12-24T13:55:00", "Resolution": "Account access has been restored. Confirmed via Phone."}]}', CURRENT_TIMESTAMP, CURRENT_TIMESTAMP),
(81, 12, 102, 6, 10, 'New service', 'App', 133, 4, '{"messages": [{"time": "2025-12-26T09:18:00", "Customer issue": "Data usage is incorrect."}, {"time": "2025-12-26T09:26:00", "Agent Response": "Issue has been resolved. Please confirm and re-login."}, {"time": "2025-12-26T11:35:00", "Resolution": "Temporary outage was resolved. Confirmed via App."}]}', CURRENT_TIMESTAMP, CURRENT_TIMESTAMP),
(82, 14, 102, 2, 11, 'New service', 'Phone', 41, 5, '{"messages": [{"time": "2025-12-04T14:08:00", "Customer issue": "Can not log into the app."}, {"time": "2025-12-04T14:22:00", "Agent Response": "Issue has been resolved. Please confirm and re-login."}, {"time": "2025-12-04T15:18:00", "Resolution": "Temporary outage was resolved. Confirmed via Phone."}]}', CURRENT_TIMESTAMP, CURRENT_TIMESTAMP),
(83, 30, 401, 4, 4, 'Technical Support', 'In-Person', 166, 2, '{"messages": [{"time": "2025-07-14T12:24:00", "Customer issue": "Data usage is incorrect."}, {"time": "2025-07-14T12:29:00", "Agent Response": "We will escalate this to our engineering team."}, {"time": "2025-07-14T13:56:00", "Resolution": "Temporary outage was resolved. Confirmed via In-Person."}]}', CURRENT_TIMESTAMP, CURRENT_TIMESTAMP),
(84, 16, 201, 27, 9, 'Technical Support', 'In-Person', 161, 1, '{"messages": [{"time": "2025-09-24T13:06:00", "Customer issue": "My plan does not work abroad."}, {"time": "2025-09-24T13:20:00", "Agent Response": "Issue has been resolved. Please confirm and re-login."}, {"time": "2025-09-24T14:59:00", "Resolution": "Billing issue was refunded. Confirmed via In-Person."}]}', CURRENT_TIMESTAMP, CURRENT_TIMESTAMP),
(85, 26, 302, 15, 3, 'Roaming inquiries', 'Phone', 85, 5, '{"messages": [{"time": "2025-12-05T12:05:00", "Customer issue": "I was charged twice."}, {"time": "2025-12-05T12:14:00", "Agent Response": "We are following some troubleshoot steps: please restart your device."}, {"time": "2025-12-05T13:07:00", "Resolution": "Billing issue was refunded. Confirmed via Phone."}]}', CURRENT_TIMESTAMP, CURRENT_TIMESTAMP),
(86, 13, 102, 25, 6, 'Account access', 'Email', 21, 5, '{"messages": [{"time": "2025-07-01T12:46:00", "Customer issue": "Data usage is incorrect."}, {"time": "2025-07-01T12:53:00", "Agent Response": "We are following some troubleshoot steps: please restart your device."}, {"time": "2025-07-01T15:08:00", "Resolution": "New SIM card dispatched. Confirmed via Email."}]}', CURRENT_TIMESTAMP, CURRENT_TIMESTAMP),
(87, 9, 101, 23, 1, 'Billing Issues', 'App', 8, 5, '{"messages": [{"time": "2025-10-09T13:41:00", "Customer issue": "I was charged twice."}, {"time": "2025-10-09T13:54:00", "Agent Response": "We are checking your account activity."}, {"time": "2025-10-09T15:55:00", "Resolution": "Billing issue was refunded. Confirmed via App."}]}', CURRENT_TIMESTAMP, CURRENT_TIMESTAMP),
(88, 46, 502, 6, 7, 'New service', 'App', 105, 1, '{"messages": [{"time": "2025-11-04T11:40:00", "Customer issue": "Data usage is incorrect."}, {"time": "2025-11-04T11:52:00", "Agent Response": "Issue has been resolved. Please confirm and re-login."}, {"time": "2025-11-04T14:07:00", "Resolution": "Temporary outage was resolved. Confirmed via App."}]}', CURRENT_TIMESTAMP, CURRENT_TIMESTAMP),
(89, 42, 502, 15, 1, 'Billing Issues', 'Phone', 28, 5, '{"messages": [{"time": "2025-02-23T11:18:00", "Customer issue": "Can not log into the app."}, {"time": "2025-02-23T11:32:00", "Agent Response": "We will escalate this to our engineering team."}, {"time": "2025-02-23T12:03:00", "Resolution": "Reset was applied to the line. Confirmed via Phone."}]}', CURRENT_TIMESTAMP, CURRENT_TIMESTAMP),
(90, 47, 502, 27, 9, 'Billing Issues', 'In-Person', 163, 4, '{"messages": [{"time": "2025-03-06T10:29:00", "Customer issue": "No signal since morning."}, {"time": "2025-03-06T10:42:00", "Agent Response": "We are checking your account activity."}, {"time": "2025-03-06T12:22:00", "Resolution": "Reset was applied to the line. Confirmed via In-Person."}]}', CURRENT_TIMESTAMP, CURRENT_TIMESTAMP),
(91, 39, 501, 12, 12, 'New service', 'Email', 71, 5, '{"messages": [{"time": "2025-11-14T12:08:00", "Customer issue": "No signal since morning."}, {"time": "2025-11-14T12:19:00", "Agent Response": "We are following some troubleshoot steps: please restart your device."}, {"time": "2025-11-14T13:32:00", "Resolution": "Reset was applied to the line. Confirmed via Email."}]}', CURRENT_TIMESTAMP, CURRENT_TIMESTAMP),
(92, 40, 502, 4, 4, 'Technical Support', 'In-Person', 179, 2, '{"messages": [{"time": "2025-07-01T15:12:00", "Customer issue": "Data usage is incorrect."}, {"time": "2025-07-01T15:20:00", "Agent Response": "We are checking your account activity."}, {"time": "2025-07-01T17:21:00", "Resolution": "Reset was applied to the line. Confirmed via In-Person."}]}', CURRENT_TIMESTAMP, CURRENT_TIMESTAMP),
(93, 39, 501, 6, 9, 'Technical Support', 'Phone', 7, 5, '{"messages": [{"time": "2025-07-08T15:23:00", "Customer issue": "Data usage is incorrect."}, {"time": "2025-07-08T15:29:00", "Agent Response": "Issue has been resolved. Please confirm and re-login."}, {"time": "2025-07-08T16:20:00", "Resolution": "Reset was applied to the line. Confirmed via Phone."}]}', CURRENT_TIMESTAMP, CURRENT_TIMESTAMP),
(94, 22, 301, 23, 4, 'Billing Issues', 'Email', 123, 4, '{"messages": [{"time": "2025-09-04T16:25:00", "Customer issue": "Data usage is incorrect."}, {"time": "2025-09-04T16:40:00", "Agent Response": "Issue has been resolved. Please confirm and re-login."}, {"time": "2025-09-04T17:00:00", "Resolution": "New SIM card dispatched. Confirmed via Email."}]}', CURRENT_TIMESTAMP, CURRENT_TIMESTAMP),
(95, 38, 501, 12, 7, 'Technical Support', 'In-Person', 140, 1, '{"messages": [{"time": "2025-07-20T12:28:00", "Customer issue": "Can not log into the app."}, {"time": "2025-07-20T12:38:00", "Agent Response": "We are following some troubleshoot steps: please restart your device."}, {"time": "2025-07-20T14:46:00", "Resolution": "Billing issue was refunded. Confirmed via In-Person."}]}', CURRENT_TIMESTAMP, CURRENT_TIMESTAMP),
(96, 47, 502, 9, 10, 'Technical Support', 'In-Person', 107, 1, '{"messages": [{"time": "2025-08-17T12:32:00", "Customer issue": "My plan does not work abroad."}, {"time": "2025-08-17T12:41:00", "Agent Response": "We will escalate this to our engineering team."}, {"time": "2025-08-17T13:54:00", "Resolution": "Reset was applied to the line. Confirmed via In-Person."}]}', CURRENT_TIMESTAMP, CURRENT_TIMESTAMP),
(97, 37, 501, 4, 8, 'Technical Support', 'App', 131, 3, '{"messages": [{"time": "2025-04-04T14:55:00", "Customer issue": "Can not log into the app."}, {"time": "2025-04-04T15:01:00", "Agent Response": "We are following some troubleshoot steps: please restart your device."}, {"time": "2025-04-04T16:21:00", "Resolution": "Temporary outage was resolved. Confirmed via App."}]}', CURRENT_TIMESTAMP, CURRENT_TIMESTAMP),
(98, 4, 101, 27, 8, 'Technical Support', 'Phone', 131, 2, '{"messages": [{"time": "2025-03-02T11:55:00", "Customer issue": "Can not log into the app."}, {"time": "2025-03-02T12:04:00", "Agent Response": "We are checking your account activity."}, {"time": "2025-03-02T13:19:00", "Resolution": "Reset was applied to the line. Confirmed via Phone."}]}', CURRENT_TIMESTAMP, CURRENT_TIMESTAMP),
(99, 1, 101, 23, 7, 'Account access', 'Phone', 167, 4, '{"messages": [{"time": "2025-05-07T14:13:00", "Customer issue": "Can not log into the app."}, {"time": "2025-05-07T14:22:00", "Agent Response": "Thank you for your patience, we are checking in our system."}, {"time": "2025-05-07T15:07:00", "Resolution": "Account access has been restored. Confirmed via Phone."}]}', CURRENT_TIMESTAMP, CURRENT_TIMESTAMP),
(100, 30, 401, 21, 10, 'Roaming inquiries', 'In-Person', 26, 5, '{"messages": [{"time": "2025-10-17T17:45:00", "Customer issue": "I was charged twice."}, {"time": "2025-10-17T17:56:00", "Agent Response": "We will escalate this to our engineering team."}, {"time": "2025-10-17T18:42:00", "Resolution": "New SIM card dispatched. Confirmed via In-Person."}]}', CURRENT_TIMESTAMP, CURRENT_TIMESTAMP);
-- ======================================================
-- PHASE 2.2.9 DATA INSERTION INTO THE USAGERECORDS TABLE
-- ======================================================
-- Usage records data was created with python to have:
-- plan usage limit for Voice, SMS, and DataGB per plan.
-- and seasonality boost to improve query insights
INSERT INTO UsageRecord (UsageID, CustomerID, PlanID, TimeID, DataUsedGB, SMSUsed, VoiceMinutesUsed, createdAt, updatedAt) VALUES 
(478, 40, 2, 10, 3.6, 11.91, 324.44, CURRENT_TIMESTAMP, CURRENT_TIMESTAMP),
(515, 43, 2, 11, 1.12, 89.74, 364.86, CURRENT_TIMESTAMP, CURRENT_TIMESTAMP),
(295, 25, 1, 7, 1.06, 64.28, 37.01, CURRENT_TIMESTAMP, CURRENT_TIMESTAMP),
(228, 19, 2, 12, 0.43, 74.27, 247.97, CURRENT_TIMESTAMP, CURRENT_TIMESTAMP),
(54, 5, 2, 6, 19.66, 45.55, 499.49, CURRENT_TIMESTAMP, CURRENT_TIMESTAMP),
(436, 37, 3, 4, 43.65, 56.48, 60.24, CURRENT_TIMESTAMP, CURRENT_TIMESTAMP),
(72, 6, 1, 12, 0.5, 31.32, 42.39, CURRENT_TIMESTAMP, CURRENT_TIMESTAMP),
(474, 40, 2, 6, 4.36, 159.12, 215.8, CURRENT_TIMESTAMP, CURRENT_TIMESTAMP),
(317, 27, 1, 5, 3.38, 24.4, 60.46, CURRENT_TIMESTAMP, CURRENT_TIMESTAMP),
(181, 16, 1, 1, 0.7, 27.36, 94.97, CURRENT_TIMESTAMP, CURRENT_TIMESTAMP),
(367, 31, 3, 7, 23.15, 634.19, 357.22, CURRENT_TIMESTAMP, CURRENT_TIMESTAMP),
(432, 36, 2, 12, 15.54, 81.84, 485.54, CURRENT_TIMESTAMP, CURRENT_TIMESTAMP),
(359, 30, 2, 11, 7.0, 114.27, 77.42, CURRENT_TIMESTAMP, CURRENT_TIMESTAMP),
(580, 49, 1, 4, 0.61, 33.87, 91.26, CURRENT_TIMESTAMP, CURRENT_TIMESTAMP),
(503, 42, 2, 11, 5.08, 130.86, 379.89, CURRENT_TIMESTAMP, CURRENT_TIMESTAMP),
(232, 20, 1, 4, 4.67, 8.26, 15.96, CURRENT_TIMESTAMP, CURRENT_TIMESTAMP),
(288, 24, 3, 12, 13.27, 95.75, 1138.71, CURRENT_TIMESTAMP, CURRENT_TIMESTAMP),
(597, 50, 1, 9, 0.44, 16.63, 4.74, CURRENT_TIMESTAMP, CURRENT_TIMESTAMP),
(124, 11, 2, 4, 1.25, 76.62, 73.22, CURRENT_TIMESTAMP, CURRENT_TIMESTAMP),
(126, 11, 2, 6, 1.37, 166.63, 112.79, CURRENT_TIMESTAMP, CURRENT_TIMESTAMP),
(108, 9, 1, 12, 4.88, 13.33, 76.22, CURRENT_TIMESTAMP, CURRENT_TIMESTAMP),
(273, 23, 3, 9, 0.77, 701.88, 664.31, CURRENT_TIMESTAMP, CURRENT_TIMESTAMP),
(287, 24, 3, 11, 9.38, 961.26, 315.0, CURRENT_TIMESTAMP, CURRENT_TIMESTAMP),
(289, 25, 1, 1, 4.45, 40.1, 64.77, CURRENT_TIMESTAMP, CURRENT_TIMESTAMP),
(487, 41, 2, 7, 13.24, 229.04, 313.31, CURRENT_TIMESTAMP, CURRENT_TIMESTAMP),
(342, 29, 1, 6, 3.38, 34.38, 114.5, CURRENT_TIMESTAMP, CURRENT_TIMESTAMP),
(378, 32, 3, 6, 11.73, 853.62, 142.4, CURRENT_TIMESTAMP, CURRENT_TIMESTAMP),
(259, 22, 2, 7, 19.12, 270.15, 107.87, CURRENT_TIMESTAMP, CURRENT_TIMESTAMP),
(55, 5, 2, 7, 11.82, 137.98, 551.09, CURRENT_TIMESTAMP, CURRENT_TIMESTAMP),
(593, 50, 1, 5, 2.69, 18.25, 24.64, CURRENT_TIMESTAMP, CURRENT_TIMESTAMP),
(142, 12, 1, 10, 2.84, 48.08, 5.67, CURRENT_TIMESTAMP, CURRENT_TIMESTAMP),
(598, 50, 1, 10, 0.89, 43.55, 33.2, CURRENT_TIMESTAMP, CURRENT_TIMESTAMP),
(151, 13, 3, 7, 8.49, 906.59, 666.58, CURRENT_TIMESTAMP, CURRENT_TIMESTAMP),
(263, 22, 2, 11, 6.75, 99.85, 136.5, CURRENT_TIMESTAMP, CURRENT_TIMESTAMP),
(217, 19, 2, 1, 8.16, 110.14, 58.97, CURRENT_TIMESTAMP, CURRENT_TIMESTAMP),
(64, 6, 1, 4, 3.82, 14.66, 82.64, CURRENT_TIMESTAMP, CURRENT_TIMESTAMP),
(106, 9, 1, 10, 2.71, 38.42, 46.69, CURRENT_TIMESTAMP, CURRENT_TIMESTAMP),
(225, 19, 2, 9, 11.23, 89.25, 83.79, CURRENT_TIMESTAMP, CURRENT_TIMESTAMP),
(409, 35, 1, 1, 0.84, 13.84, 98.48, CURRENT_TIMESTAMP, CURRENT_TIMESTAMP),
(449, 38, 3, 5, 6.88, 750.43, 76.65, CURRENT_TIMESTAMP, CURRENT_TIMESTAMP),
(17, 2, 2, 5, 13.91, 77.11, 300.46, CURRENT_TIMESTAMP, CURRENT_TIMESTAMP),
(173, 15, 1, 5, 1.22, 0.46, 88.82, CURRENT_TIMESTAMP, CURRENT_TIMESTAMP),
(249, 21, 3, 9, 48.28, 492.33, 605.3, CURRENT_TIMESTAMP, CURRENT_TIMESTAMP),
(109, 10, 1, 1, 3.11, 35.78, 3.94, CURRENT_TIMESTAMP, CURRENT_TIMESTAMP),
(206, 18, 1, 2, 2.45, 31.8, 6.18, CURRENT_TIMESTAMP, CURRENT_TIMESTAMP),
(585, 49, 1, 9, 3.41, 39.53, 5.38, CURRENT_TIMESTAMP, CURRENT_TIMESTAMP),
(345, 29, 1, 9, 0.5, 20.81, 24.4, CURRENT_TIMESTAMP, CURRENT_TIMESTAMP),
(565, 48, 2, 1, 14.43, 59.94, 267.17, CURRENT_TIMESTAMP, CURRENT_TIMESTAMP),
(135, 12, 1, 3, 4.13, 44.73, 82.97, CURRENT_TIMESTAMP, CURRENT_TIMESTAMP),
(252, 21, 3, 12, 51.94, 1201.05, 1354.66, CURRENT_TIMESTAMP, CURRENT_TIMESTAMP);
-- ------------------------------------------------------------------------------
INSERT INTO UsageRecord (UsageID, CustomerID, PlanID, TimeID, DataUsedGB, SMSUsed, VoiceMinutesUsed, createdAt, updatedAt) VALUES 
(406, 34, 2, 10, 8.35, 85.69, 137.53, CURRENT_TIMESTAMP, CURRENT_TIMESTAMP),
(76, 7, 2, 4, 11.89, 105.63, 111.79, CURRENT_TIMESTAMP, CURRENT_TIMESTAMP),
(226, 19, 2, 10, 6.61, 8.17, 220.39, CURRENT_TIMESTAMP, CURRENT_TIMESTAMP),
(346, 29, 1, 10, 3.94, 45.93, 8.69, CURRENT_TIMESTAMP, CURRENT_TIMESTAMP),
(545, 46, 2, 5, 7.13, 89.26, 375.68, CURRENT_TIMESTAMP, CURRENT_TIMESTAMP),
(130, 11, 2, 10, 13.06, 93.42, 204.6, CURRENT_TIMESTAMP, CURRENT_TIMESTAMP),
(340, 29, 1, 4, 4.1, 30.98, 52.14, CURRENT_TIMESTAMP, CURRENT_TIMESTAMP),
(469, 40, 2, 1, 0.48, 102.5, 85.0, CURRENT_TIMESTAMP, CURRENT_TIMESTAMP),
(334, 28, 1, 10, 0.31, 26.0, 20.89, CURRENT_TIMESTAMP, CURRENT_TIMESTAMP),
(541, 46, 2, 1, 10.32, 103.87, 13.86, CURRENT_TIMESTAMP, CURRENT_TIMESTAMP),
(313, 27, 1, 1, 3.22, 35.18, 20.34, CURRENT_TIMESTAMP, CURRENT_TIMESTAMP),
(116, 10, 1, 8, 3.93, 1.46, 38.39, CURRENT_TIMESTAMP, CURRENT_TIMESTAMP),
(183, 16, 1, 3, 2.87, 2.12, 46.07, CURRENT_TIMESTAMP, CURRENT_TIMESTAMP),
(27, 3, 2, 3, 5.0, 89.83, 162.31, CURRENT_TIMESTAMP, CURRENT_TIMESTAMP),
(105, 9, 1, 9, 1.81, 34.52, 70.91, CURRENT_TIMESTAMP, CURRENT_TIMESTAMP),
(551, 46, 2, 11, 8.37, 177.81, 29.69, CURRENT_TIMESTAMP, CURRENT_TIMESTAMP),
(149, 13, 3, 5, 33.77, 536.79, 393.42, CURRENT_TIMESTAMP, CURRENT_TIMESTAMP),
(302, 26, 1, 2, 4.46, 43.97, 40.47, CURRENT_TIMESTAMP, CURRENT_TIMESTAMP),
(177, 15, 1, 9, 4.14, 19.98, 60.14, CURRENT_TIMESTAMP, CURRENT_TIMESTAMP),
(110, 10, 1, 2, 4.1, 26.56, 69.64, CURRENT_TIMESTAMP, CURRENT_TIMESTAMP),
(583, 49, 1, 7, 1.02, 54.11, 18.54, CURRENT_TIMESTAMP, CURRENT_TIMESTAMP),
(526, 44, 3, 10, 3.78, 825.49, 343.82, CURRENT_TIMESTAMP, CURRENT_TIMESTAMP),
(69, 6, 1, 9, 1.0, 26.49, 71.32, CURRENT_TIMESTAMP, CURRENT_TIMESTAMP),
(452, 38, 3, 8, 48.63, 321.74, 629.06, CURRENT_TIMESTAMP, CURRENT_TIMESTAMP),
(278, 24, 3, 2, 1.26, 825.09, 106.44, CURRENT_TIMESTAMP, CURRENT_TIMESTAMP),
(383, 32, 3, 11, 49.27, 824.72, 588.32, CURRENT_TIMESTAMP, CURRENT_TIMESTAMP),
(525, 44, 3, 9, 38.61, 633.43, 83.1, CURRENT_TIMESTAMP, CURRENT_TIMESTAMP),
(258, 22, 2, 6, 2.08, 21.52, 331.87, CURRENT_TIMESTAMP, CURRENT_TIMESTAMP),
(573, 48, 2, 9, 1.75, 144.82, 197.11, CURRENT_TIMESTAMP, CURRENT_TIMESTAMP),
(513, 43, 2, 9, 2.32, 156.91, 209.72, CURRENT_TIMESTAMP, CURRENT_TIMESTAMP),
(420, 35, 1, 12, 4.67, 11.72, 53.77, CURRENT_TIMESTAMP, CURRENT_TIMESTAMP),
(519, 44, 3, 3, 6.62, 411.56, 926.13, CURRENT_TIMESTAMP, CURRENT_TIMESTAMP),
(401, 34, 2, 5, 11.97, 103.47, 244.6, CURRENT_TIMESTAMP, CURRENT_TIMESTAMP),
(125, 11, 2, 5, 0.76, 60.28, 286.8, CURRENT_TIMESTAMP, CURRENT_TIMESTAMP),
(209, 18, 1, 5, 1.34, 4.23, 44.34, CURRENT_TIMESTAMP, CURRENT_TIMESTAMP),
(2, 1, 2, 2, 3.11, 168.32, 295.83, CURRENT_TIMESTAMP, CURRENT_TIMESTAMP),
(592, 50, 1, 4, 0.4, 33.68, 52.82, CURRENT_TIMESTAMP, CURRENT_TIMESTAMP),
(163, 14, 1, 7, 4.11, 35.72, 16.85, CURRENT_TIMESTAMP, CURRENT_TIMESTAMP),
(114, 10, 1, 6, 3.86, 56.78, 45.21, CURRENT_TIMESTAMP, CURRENT_TIMESTAMP),
(298, 25, 1, 10, 4.02, 29.18, 4.38, CURRENT_TIMESTAMP, CURRENT_TIMESTAMP),
(245, 21, 3, 5, 35.61, 844.09, 579.39, CURRENT_TIMESTAMP, CURRENT_TIMESTAMP),
(521, 44, 3, 5, 25.89, 120.37, 871.89, CURRENT_TIMESTAMP, CURRENT_TIMESTAMP),
(179, 15, 1, 11, 0.43, 14.14, 1.67, CURRENT_TIMESTAMP, CURRENT_TIMESTAMP),
(250, 21, 3, 10, 18.39, 770.81, 25.8, CURRENT_TIMESTAMP, CURRENT_TIMESTAMP),
(500, 42, 2, 8, 13.62, 3.61, 358.18, CURRENT_TIMESTAMP, CURRENT_TIMESTAMP),
(584, 49, 1, 8, 4.62, 20.82, 68.51, CURRENT_TIMESTAMP, CURRENT_TIMESTAMP),
(111, 10, 1, 3, 4.4, 12.18, 28.73, CURRENT_TIMESTAMP, CURRENT_TIMESTAMP),
(578, 49, 1, 2, 3.91, 19.79, 26.02, CURRENT_TIMESTAMP, CURRENT_TIMESTAMP),
(180, 15, 1, 12, 1.51, 44.88, 93.56, CURRENT_TIMESTAMP, CURRENT_TIMESTAMP),
(38, 4, 3, 2, 2.01, 141.37, 304.16, CURRENT_TIMESTAMP, CURRENT_TIMESTAMP);
-- ------------------------------------------------------------------------------
INSERT INTO UsageRecord (UsageID, CustomerID, PlanID, TimeID, DataUsedGB, SMSUsed, VoiceMinutesUsed, createdAt, updatedAt) VALUES 
(197, 17, 2, 5, 9.14, 71.14, 157.97, CURRENT_TIMESTAMP, CURRENT_TIMESTAMP),
(490, 41, 2, 10, 12.71, 41.71, 278.13, CURRENT_TIMESTAMP, CURRENT_TIMESTAMP),
(451, 38, 3, 7, 6.34, 1161.47, 29.79, CURRENT_TIMESTAMP, CURRENT_TIMESTAMP),
(89, 8, 3, 5, 14.33, 255.79, 916.4, CURRENT_TIMESTAMP, CURRENT_TIMESTAMP),
(373, 32, 3, 1, 12.97, 924.68, 542.9, CURRENT_TIMESTAMP, CURRENT_TIMESTAMP),
(331, 28, 1, 7, 2.3, 13.84, 79.65, CURRENT_TIMESTAMP, CURRENT_TIMESTAMP),
(546, 46, 2, 6, 16.06, 233.04, 435.51, CURRENT_TIMESTAMP, CURRENT_TIMESTAMP),
(433, 37, 3, 1, 22.67, 257.41, 216.06, CURRENT_TIMESTAMP, CURRENT_TIMESTAMP),
(275, 23, 3, 11, 41.67, 260.7, 805.85, CURRENT_TIMESTAMP, CURRENT_TIMESTAMP),
(510, 43, 2, 6, 5.75, 275.38, 418.81, CURRENT_TIMESTAMP, CURRENT_TIMESTAMP),
(53, 5, 2, 5, 3.96, 78.76, 318.61, CURRENT_TIMESTAMP, CURRENT_TIMESTAMP),
(297, 25, 1, 9, 1.96, 42.37, 53.57, CURRENT_TIMESTAMP, CURRENT_TIMESTAMP),
(569, 48, 2, 5, 9.15, 106.46, 242.0, CURRENT_TIMESTAMP, CURRENT_TIMESTAMP),
(329, 28, 1, 5, 4.07, 20.08, 42.49, CURRENT_TIMESTAMP, CURRENT_TIMESTAMP),
(166, 14, 1, 10, 1.04, 41.22, 2.44, CURRENT_TIMESTAMP, CURRENT_TIMESTAMP),
(224, 19, 2, 8, 12.27, 74.88, 378.18, CURRENT_TIMESTAMP, CURRENT_TIMESTAMP),
(189, 16, 1, 9, 3.95, 25.19, 75.74, CURRENT_TIMESTAMP, CURRENT_TIMESTAMP),
(99, 9, 1, 3, 4.17, 8.96, 89.34, CURRENT_TIMESTAMP, CURRENT_TIMESTAMP),
(524, 44, 3, 8, 47.24, 771.55, 327.87, CURRENT_TIMESTAMP, CURRENT_TIMESTAMP),
(307, 26, 1, 7, 1.97, 65.0, 113.41, CURRENT_TIMESTAMP, CURRENT_TIMESTAMP);
-- ======================================================
-- PHASE 2.2.10 DATA INSERTION INTO THE PROCESSLOG TABLE
-- ======================================================
-- Process Log records data was created with python to have:
-- process_types = ['Billing', 'Activation', 'Support', 'PlanChange']
-- status_choices = ['Completed', 'Failed', 'In-Progress']
-- random date selection to simulate inputs.
INSERT INTO ProcessLog (LogID, ProcessType, CustomerID, BranchID, StartTime, EndTime, DurationSec, Status, createdAt, updatedAt) VALUES 
(1, 'Billing', 29, 401, '2025-08-12 18:53:00', '2025-08-12 20:08:50', 4550, 'Completed', CURRENT_TIMESTAMP, CURRENT_TIMESTAMP),
(2, 'Billing', 8, 101, '2025-06-26 11:56:00', '2025-06-26 12:16:36', 1236, 'Completed', CURRENT_TIMESTAMP, CURRENT_TIMESTAMP),
(3, 'PlanChange', 3, 101, '2025-12-08 04:19:00', '2025-12-08 06:09:49', 6649, 'Completed', CURRENT_TIMESTAMP, CURRENT_TIMESTAMP),
(4, 'PlanChange', 12, 102, '2025-04-21 09:13:00', '2025-04-21 09:52:49', 2389, 'Completed', CURRENT_TIMESTAMP, CURRENT_TIMESTAMP),
(5, 'PlanChange', 45, 502, '2025-01-15 07:51:00', '2025-01-15 09:32:23', 6083, 'Completed', CURRENT_TIMESTAMP, CURRENT_TIMESTAMP),
(6, 'PlanChange', 20, 301, '2025-12-18 22:40:00', '2025-12-18 22:48:52', 532, 'Completed', CURRENT_TIMESTAMP, CURRENT_TIMESTAMP),
(7, 'Activation', 24, 302, '2025-04-05 14:58:00', '2025-04-05 16:00:55', 3775, 'Completed', CURRENT_TIMESTAMP, CURRENT_TIMESTAMP),
(8, 'Activation', 4, 101, '2025-09-20 09:19:00', '2025-09-20 11:05:01', 6361, 'Completed', CURRENT_TIMESTAMP, CURRENT_TIMESTAMP),
(9, 'Activation', 46, 502, '2025-12-15 05:23:00', '2025-12-15 05:44:25', 1285, 'Completed', CURRENT_TIMESTAMP, CURRENT_TIMESTAMP),
(10, 'Support', 15, 201, '2025-01-14 00:18:00', '2025-01-14 01:52:54', 5694, 'In-Progress', CURRENT_TIMESTAMP, CURRENT_TIMESTAMP),
(11, 'Support', 42, 502, '2025-10-27 11:41:00', '2025-10-27 12:31:30', 3030, 'In-Progress', CURRENT_TIMESTAMP, CURRENT_TIMESTAMP),
(12, 'Support', 32, 501, '2025-08-13 22:17:00', '2025-08-14 00:12:57', 6957, 'Completed', CURRENT_TIMESTAMP, CURRENT_TIMESTAMP),
(13, 'Activation', 30, 401, '2025-09-04 02:43:00', '2025-09-04 04:06:04', 4984, 'Completed', CURRENT_TIMESTAMP, CURRENT_TIMESTAMP),
(14, 'Support', 46, 502, '2025-09-04 04:12:00', '2025-09-04 05:48:29', 5789, 'Completed', CURRENT_TIMESTAMP, CURRENT_TIMESTAMP),
(15, 'Billing', 29, 401, '2025-01-07 09:40:00', '2025-01-07 11:30:40', 6640, 'Failed', CURRENT_TIMESTAMP, CURRENT_TIMESTAMP),
(16, 'Support', 20, 301, '2025-03-09 19:39:00', '2025-03-09 20:28:22', 2962, 'Completed', CURRENT_TIMESTAMP, CURRENT_TIMESTAMP),
(17, 'Billing', 1, 101, '2025-06-21 18:19:00', '2025-06-21 19:43:20', 5060, 'Completed', CURRENT_TIMESTAMP, CURRENT_TIMESTAMP),
(18, 'Support', 4, 101, '2025-10-04 03:57:00', '2025-10-04 05:27:10', 5410, 'Completed', CURRENT_TIMESTAMP, CURRENT_TIMESTAMP),
(19, 'Activation', 13, 102, '2025-06-12 11:57:00', '2025-06-12 13:29:29', 5549, 'Completed', CURRENT_TIMESTAMP, CURRENT_TIMESTAMP),
(20, 'Activation', 26, 302, '2025-02-27 02:49:00', '2025-02-27 04:06:25', 4645, 'Failed', CURRENT_TIMESTAMP, CURRENT_TIMESTAMP),
(21, 'Activation', 8, 101, '2025-02-17 10:40:00', '2025-02-17 11:25:02', 2702, 'Completed', CURRENT_TIMESTAMP, CURRENT_TIMESTAMP),
(22, 'Billing', 44, 502, '2025-07-15 20:18:00', '2025-07-15 22:07:42', 6582, 'Failed', CURRENT_TIMESTAMP, CURRENT_TIMESTAMP),
(23, 'Billing', 8, 101, '2025-06-01 06:11:00', '2025-06-01 07:35:43', 5083, 'Completed', CURRENT_TIMESTAMP, CURRENT_TIMESTAMP),
(24, 'Support', 37, 501, '2025-11-09 18:33:00', '2025-11-09 20:24:01', 6661, 'Failed', CURRENT_TIMESTAMP, CURRENT_TIMESTAMP),
(25, 'Activation', 15, 201, '2025-01-07 00:20:00', '2025-01-07 01:23:04', 3784, 'Completed', CURRENT_TIMESTAMP, CURRENT_TIMESTAMP),
(26, 'Activation', 7, 101, '2025-10-11 18:43:00', '2025-10-11 18:46:40', 220, 'Failed', CURRENT_TIMESTAMP, CURRENT_TIMESTAMP),
(27, 'Support', 2, 101, '2025-11-28 14:48:00', '2025-11-28 15:06:55', 1135, 'In-Progress', CURRENT_TIMESTAMP, CURRENT_TIMESTAMP),
(28, 'Support', 41, 502, '2025-04-25 07:29:00', '2025-04-25 08:22:40', 3220, 'In-Progress', CURRENT_TIMESTAMP, CURRENT_TIMESTAMP),
(29, 'Billing', 17, 201, '2025-12-03 14:41:00', '2025-12-03 16:26:13', 6313, 'Completed', CURRENT_TIMESTAMP, CURRENT_TIMESTAMP),
(30, 'PlanChange', 21, 301, '2025-01-20 08:28:00', '2025-01-20 09:03:14', 2114, 'Completed', CURRENT_TIMESTAMP, CURRENT_TIMESTAMP),
(31, 'PlanChange', 8, 101, '2025-05-17 00:07:00', '2025-05-17 01:17:37', 4237, 'Completed', CURRENT_TIMESTAMP, CURRENT_TIMESTAMP),
(32, 'Activation', 16, 201, '2025-10-04 12:41:00', '2025-10-04 14:16:15', 5715, 'Completed', CURRENT_TIMESTAMP, CURRENT_TIMESTAMP),
(33, 'PlanChange', 21, 301, '2025-03-08 11:22:00', '2025-03-08 11:55:21', 2001, 'In-Progress', CURRENT_TIMESTAMP, CURRENT_TIMESTAMP),
(34, 'Support', 7, 101, '2025-09-01 18:21:00', '2025-09-01 19:51:53', 5453, 'Completed', CURRENT_TIMESTAMP, CURRENT_TIMESTAMP),
(35, 'Billing', 31, 401, '2025-09-10 23:15:00', '2025-09-11 01:01:40', 6400, 'Completed', CURRENT_TIMESTAMP, CURRENT_TIMESTAMP),
(36, 'PlanChange', 48, 502, '2025-06-26 16:27:00', '2025-06-26 17:08:09', 2469, 'Completed', CURRENT_TIMESTAMP, CURRENT_TIMESTAMP),
(37, 'PlanChange', 1, 101, '2025-03-15 07:02:00', '2025-03-15 08:04:18', 3738, 'Completed', CURRENT_TIMESTAMP, CURRENT_TIMESTAMP),
(38, 'Support', 5, 101, '2025-03-17 11:29:00', '2025-03-17 13:10:02', 6062, 'Failed', CURRENT_TIMESTAMP, CURRENT_TIMESTAMP),
(39, 'Support', 41, 502, '2025-07-06 05:16:00', '2025-07-06 05:22:24', 384, 'In-Progress', CURRENT_TIMESTAMP, CURRENT_TIMESTAMP),
(40, 'Billing', 48, 502, '2025-02-03 01:52:00', '2025-02-03 01:54:22', 142, 'In-Progress', CURRENT_TIMESTAMP, CURRENT_TIMESTAMP),
(41, 'PlanChange', 34, 501, '2025-08-04 08:35:00', '2025-08-04 09:53:58', 4738, 'Completed', CURRENT_TIMESTAMP, CURRENT_TIMESTAMP),
(42, 'Support', 22, 301, '2025-05-20 02:44:00', '2025-05-20 04:32:16', 6496, 'Completed', CURRENT_TIMESTAMP, CURRENT_TIMESTAMP),
(43, 'Activation', 5, 101, '2025-06-01 14:52:00', '2025-06-01 15:49:31', 3451, 'Completed', CURRENT_TIMESTAMP, CURRENT_TIMESTAMP),
(44, 'Billing', 36, 501, '2025-01-19 22:49:00', '2025-01-19 23:54:34', 3934, 'Completed', CURRENT_TIMESTAMP, CURRENT_TIMESTAMP),
(45, 'Support', 27, 401, '2025-01-26 13:29:00', '2025-01-26 15:17:16', 6496, 'Completed', CURRENT_TIMESTAMP, CURRENT_TIMESTAMP),
(46, 'Activation', 48, 502, '2025-10-04 19:34:00', '2025-10-04 20:18:03', 2643, 'In-Progress', CURRENT_TIMESTAMP, CURRENT_TIMESTAMP),
(47, 'PlanChange', 5, 101, '2025-08-01 22:08:00', '2025-08-01 22:34:32', 1592, 'Completed', CURRENT_TIMESTAMP, CURRENT_TIMESTAMP),
(48, 'Support', 17, 201, '2025-11-23 07:43:00', '2025-11-23 08:12:01', 1741, 'Completed', CURRENT_TIMESTAMP, CURRENT_TIMESTAMP),
(49, 'PlanChange', 17, 201, '2025-08-19 01:20:00', '2025-08-19 02:54:33', 5673, 'In-Progress', CURRENT_TIMESTAMP, CURRENT_TIMESTAMP),
(50, 'Support', 36, 501, '2025-09-07 16:24:00', '2025-09-07 18:02:58', 5938, 'Failed', CURRENT_TIMESTAMP, CURRENT_TIMESTAMP);
-- -----------------------------------------------------------------------------------------------------------------------------------------
INSERT INTO ProcessLog (LogID, ProcessType, CustomerID, BranchID, StartTime, EndTime, DurationSec, Status, createdAt, updatedAt) VALUES 
(51, 'Billing', 14, 102, '2025-07-18 16:48:00', '2025-07-18 17:53:28', 3928, 'Completed', CURRENT_TIMESTAMP, CURRENT_TIMESTAMP),
(52, 'Activation', 10, 102, '2025-01-26 13:49:00', '2025-01-26 15:40:03', 6663, 'Completed', CURRENT_TIMESTAMP, CURRENT_TIMESTAMP),
(53, 'PlanChange', 14, 102, '2025-10-26 16:38:00', '2025-10-26 18:34:05', 6965, 'In-Progress', CURRENT_TIMESTAMP, CURRENT_TIMESTAMP),
(54, 'Activation', 27, 401, '2025-08-28 04:35:00', '2025-08-28 05:16:04', 2464, 'Completed', CURRENT_TIMESTAMP, CURRENT_TIMESTAMP),
(55, 'Billing', 39, 501, '2025-11-10 05:50:00', '2025-11-10 06:36:01', 2761, 'Completed', CURRENT_TIMESTAMP, CURRENT_TIMESTAMP),
(56, 'Support', 49, 502, '2025-10-09 17:17:00', '2025-10-09 18:28:57', 4317, 'Completed', CURRENT_TIMESTAMP, CURRENT_TIMESTAMP),
(57, 'PlanChange', 28, 401, '2025-10-23 02:50:00', '2025-10-23 03:19:49', 1789, 'Completed', CURRENT_TIMESTAMP, CURRENT_TIMESTAMP),
(58, 'Billing', 48, 502, '2025-06-16 19:03:00', '2025-06-16 19:30:50', 1670, 'Completed', CURRENT_TIMESTAMP, CURRENT_TIMESTAMP),
(59, 'PlanChange', 24, 302, '2025-10-22 01:42:00', '2025-10-22 02:10:58', 1738, 'Completed', CURRENT_TIMESTAMP, CURRENT_TIMESTAMP),
(60, 'Support', 19, 201, '2025-10-03 03:28:00', '2025-10-03 04:46:40', 4720, 'Completed', CURRENT_TIMESTAMP, CURRENT_TIMESTAMP),
(61, 'Billing', 19, 201, '2025-06-15 11:03:00', '2025-06-15 11:52:46', 2986, 'In-Progress', CURRENT_TIMESTAMP, CURRENT_TIMESTAMP),
(62, 'Billing', 28, 401, '2025-06-27 14:06:00', '2025-06-27 15:10:37', 3877, 'Completed', CURRENT_TIMESTAMP, CURRENT_TIMESTAMP),
(63, 'PlanChange', 33, 501, '2025-09-09 14:54:00', '2025-09-09 15:41:01', 2821, 'Completed', CURRENT_TIMESTAMP, CURRENT_TIMESTAMP),
(64, 'Billing', 33, 501, '2025-03-19 20:53:00', '2025-03-19 21:02:30', 570, 'Completed', CURRENT_TIMESTAMP, CURRENT_TIMESTAMP),
(65, 'Support', 40, 502, '2025-01-18 09:01:00', '2025-01-18 09:04:39', 219, 'Completed', CURRENT_TIMESTAMP, CURRENT_TIMESTAMP),
(66, 'Activation', 15, 201, '2025-02-23 05:54:00', '2025-02-23 06:34:50', 2450, 'Completed', CURRENT_TIMESTAMP, CURRENT_TIMESTAMP),
(67, 'Support', 39, 501, '2025-02-11 14:06:00', '2025-02-11 14:22:17', 977, 'Completed', CURRENT_TIMESTAMP, CURRENT_TIMESTAMP),
(68, 'Billing', 32, 501, '2025-05-23 12:30:00', '2025-05-23 12:42:21', 741, 'Completed', CURRENT_TIMESTAMP, CURRENT_TIMESTAMP),
(69, 'Billing', 50, 502, '2025-10-10 16:33:00', '2025-10-10 17:53:20', 4820, 'Failed', CURRENT_TIMESTAMP, CURRENT_TIMESTAMP),
(70, 'Support', 4, 101, '2025-06-07 18:44:00', '2025-06-07 19:06:48', 1368, 'Failed', CURRENT_TIMESTAMP, CURRENT_TIMESTAMP),
(71, 'Billing', 7, 101, '2025-03-08 08:10:00', '2025-03-08 09:28:08', 4688, 'Completed', CURRENT_TIMESTAMP, CURRENT_TIMESTAMP),
(72, 'PlanChange', 22, 301, '2025-04-24 03:38:00', '2025-04-24 04:14:10', 2170, 'In-Progress', CURRENT_TIMESTAMP, CURRENT_TIMESTAMP),
(73, 'Billing', 43, 502, '2025-03-22 17:32:00', '2025-03-22 18:40:31', 4111, 'Completed', CURRENT_TIMESTAMP, CURRENT_TIMESTAMP),
(74, 'Activation', 31, 401, '2025-05-09 07:33:00', '2025-05-09 09:22:08', 6548, 'Completed', CURRENT_TIMESTAMP, CURRENT_TIMESTAMP),
(75, 'Activation', 24, 302, '2025-03-25 21:45:00', '2025-03-25 22:51:08', 3968, 'In-Progress', CURRENT_TIMESTAMP, CURRENT_TIMESTAMP),
(76, 'PlanChange', 34, 501, '2025-12-16 10:33:00', '2025-12-16 10:47:54', 894, 'Completed', CURRENT_TIMESTAMP, CURRENT_TIMESTAMP),
(77, 'Billing', 37, 501, '2025-10-27 06:31:00', '2025-10-27 07:44:23', 4403, 'Completed', CURRENT_TIMESTAMP, CURRENT_TIMESTAMP),
(78, 'Support', 30, 401, '2025-10-02 14:54:00', '2025-10-02 16:42:25', 6505, 'Completed', CURRENT_TIMESTAMP, CURRENT_TIMESTAMP),
(79, 'Support', 41, 502, '2025-11-02 20:59:00', '2025-11-02 21:17:35', 1115, 'Completed', CURRENT_TIMESTAMP, CURRENT_TIMESTAMP),
(80, 'Billing', 2, 101, '2025-02-03 04:57:00', '2025-02-03 06:13:27', 4587, 'Completed', CURRENT_TIMESTAMP, CURRENT_TIMESTAMP),
(81, 'Activation', 2, 101, '2025-08-07 18:52:00', '2025-08-07 19:11:16', 1156, 'Completed', CURRENT_TIMESTAMP, CURRENT_TIMESTAMP),
(82, 'Activation', 22, 301, '2025-10-06 12:30:00', '2025-10-06 14:19:18', 6558, 'Completed', CURRENT_TIMESTAMP, CURRENT_TIMESTAMP),
(83, 'Billing', 13, 102, '2025-07-27 06:37:00', '2025-07-27 08:15:38', 5918, 'Failed', CURRENT_TIMESTAMP, CURRENT_TIMESTAMP),
(84, 'Support', 34, 501, '2025-05-22 12:53:00', '2025-05-22 13:39:25', 2785, 'Completed', CURRENT_TIMESTAMP, CURRENT_TIMESTAMP),
(85, 'Support', 13, 102, '2025-05-28 09:10:00', '2025-05-28 09:40:18', 1818, 'Completed', CURRENT_TIMESTAMP, CURRENT_TIMESTAMP),
(86, 'PlanChange', 48, 502, '2025-01-21 09:31:00', '2025-01-21 10:47:32', 4592, 'Completed', CURRENT_TIMESTAMP, CURRENT_TIMESTAMP),
(87, 'Support', 50, 502, '2025-12-23 10:38:00', '2025-12-23 11:45:54', 4074, 'Completed', CURRENT_TIMESTAMP, CURRENT_TIMESTAMP),
(88, 'Activation', 24, 302, '2025-05-18 17:28:00', '2025-05-18 18:40:22', 4342, 'Completed', CURRENT_TIMESTAMP, CURRENT_TIMESTAMP),
(89, 'PlanChange', 7, 101, '2025-04-20 06:14:00', '2025-04-20 07:13:50', 3590, 'Completed', CURRENT_TIMESTAMP, CURRENT_TIMESTAMP),
(90, 'Support', 46, 502, '2025-03-08 17:45:00', '2025-03-08 18:27:53', 2573, 'Completed', CURRENT_TIMESTAMP, CURRENT_TIMESTAMP),
(91, 'Support', 38, 501, '2025-01-17 18:29:00', '2025-01-17 20:14:59', 6359, 'Completed', CURRENT_TIMESTAMP, CURRENT_TIMESTAMP),
(92, 'Support', 34, 501, '2025-01-10 12:19:00', '2025-01-10 13:48:26', 5366, 'Completed', CURRENT_TIMESTAMP, CURRENT_TIMESTAMP),
(93, 'Activation', 46, 502, '2025-07-11 22:08:00', '2025-07-11 23:43:32', 5732, 'Completed', CURRENT_TIMESTAMP, CURRENT_TIMESTAMP),
(94, 'PlanChange', 27, 401, '2025-12-08 05:14:00', '2025-12-08 06:31:03', 4623, 'Completed', CURRENT_TIMESTAMP, CURRENT_TIMESTAMP),
(95, 'Support', 44, 502, '2025-01-27 16:52:00', '2025-01-27 17:30:09', 2289, 'Completed', CURRENT_TIMESTAMP, CURRENT_TIMESTAMP),
(96, 'Support', 28, 401, '2025-07-23 03:02:00', '2025-07-23 03:29:35', 1655, 'In-Progress', CURRENT_TIMESTAMP, CURRENT_TIMESTAMP),
(97, 'PlanChange', 2, 101, '2025-08-03 07:44:00', '2025-08-03 08:20:30', 2190, 'Completed', CURRENT_TIMESTAMP, CURRENT_TIMESTAMP),
(98, 'Support', 23, 302, '2025-05-02 17:09:00', '2025-05-02 17:22:46', 826, 'Completed', CURRENT_TIMESTAMP, CURRENT_TIMESTAMP),
(99, 'Billing', 2, 101, '2025-04-23 17:42:00', '2025-04-23 18:09:23', 1643, 'Completed', CURRENT_TIMESTAMP, CURRENT_TIMESTAMP),
(100, 'Billing', 20, 301, '2025-03-09 09:02:00', '2025-03-09 10:20:33', 4713, 'Failed', CURRENT_TIMESTAMP, CURRENT_TIMESTAMP);
-- -----------------------------------------------------------------------------------------------------------------------------------------
INSERT INTO ProcessLog (LogID, ProcessType, CustomerID, BranchID, StartTime, EndTime, DurationSec, Status, createdAt, updatedAt) VALUES 
(101, 'PlanChange', 9, 101, '2025-08-17 02:33:00', '2025-08-17 04:12:44', 5984, 'Completed', CURRENT_TIMESTAMP, CURRENT_TIMESTAMP),
(102, 'Billing', 46, 502, '2025-05-23 15:10:00', '2025-05-23 15:41:34', 1894, 'Completed', CURRENT_TIMESTAMP, CURRENT_TIMESTAMP),
(103, 'Activation', 28, 401, '2025-04-04 07:03:00', '2025-04-04 07:19:41', 1001, 'Completed', CURRENT_TIMESTAMP, CURRENT_TIMESTAMP),
(104, 'Billing', 42, 502, '2025-07-24 17:42:00', '2025-07-24 18:28:34', 2794, 'Completed', CURRENT_TIMESTAMP, CURRENT_TIMESTAMP),
(105, 'PlanChange', 7, 101, '2025-05-19 08:27:00', '2025-05-19 09:53:08', 5168, 'Completed', CURRENT_TIMESTAMP, CURRENT_TIMESTAMP),
(106, 'Support', 28, 401, '2025-02-26 13:40:00', '2025-02-26 15:14:49', 5689, 'In-Progress', CURRENT_TIMESTAMP, CURRENT_TIMESTAMP),
(107, 'PlanChange', 50, 502, '2025-11-09 09:21:00', '2025-11-09 10:43:19', 4939, 'Completed', CURRENT_TIMESTAMP, CURRENT_TIMESTAMP),
(108, 'PlanChange', 47, 502, '2025-10-12 04:41:00', '2025-10-12 05:19:20', 2300, 'Completed', CURRENT_TIMESTAMP, CURRENT_TIMESTAMP),
(109, 'Activation', 26, 302, '2025-07-01 10:29:00', '2025-07-01 11:07:03', 2283, 'Completed', CURRENT_TIMESTAMP, CURRENT_TIMESTAMP),
(110, 'Activation', 41, 502, '2025-01-21 11:49:00', '2025-01-21 13:20:54', 5514, 'Completed', CURRENT_TIMESTAMP, CURRENT_TIMESTAMP),
(111, 'Billing', 25, 302, '2025-09-28 14:06:00', '2025-09-28 15:30:47', 5087, 'Completed', CURRENT_TIMESTAMP, CURRENT_TIMESTAMP),
(112, 'Billing', 16, 201, '2025-02-15 01:50:00', '2025-02-15 03:11:42', 4902, 'Completed', CURRENT_TIMESTAMP, CURRENT_TIMESTAMP),
(113, 'Support', 37, 501, '2025-10-20 22:29:00', '2025-10-20 22:33:27', 267, 'In-Progress', CURRENT_TIMESTAMP, CURRENT_TIMESTAMP),
(114, 'Activation', 12, 102, '2025-10-16 13:55:00', '2025-10-16 15:00:51', 3951, 'Completed', CURRENT_TIMESTAMP, CURRENT_TIMESTAMP),
(115, 'Billing', 6, 101, '2025-01-27 08:17:00', '2025-01-27 10:12:38', 6938, 'Completed', CURRENT_TIMESTAMP, CURRENT_TIMESTAMP),
(116, 'PlanChange', 49, 502, '2025-03-12 22:59:00', '2025-03-13 00:11:38', 4358, 'In-Progress', CURRENT_TIMESTAMP, CURRENT_TIMESTAMP),
(117, 'PlanChange', 22, 301, '2025-08-20 00:44:00', '2025-08-20 00:59:57', 957, 'Completed', CURRENT_TIMESTAMP, CURRENT_TIMESTAMP),
(118, 'Activation', 39, 501, '2025-08-03 02:52:00', '2025-08-03 04:15:56', 5036, 'Completed', CURRENT_TIMESTAMP, CURRENT_TIMESTAMP),
(119, 'PlanChange', 1, 101, '2025-07-20 00:46:00', '2025-07-20 02:20:14', 5654, 'Completed', CURRENT_TIMESTAMP, CURRENT_TIMESTAMP),
(120, 'Support', 38, 501, '2025-08-08 18:35:00', '2025-08-08 19:57:13', 4933, 'Completed', CURRENT_TIMESTAMP, CURRENT_TIMESTAMP);
-- ======================================================
-- PHASE 2.2.11 DATA INSERTION INTO THE TARGETREVENUE TABLE
-- ======================================================
-- Python script generated to follow the logic:
-- branches, plans with their fee, and seasonal multiplier to simulate real targets
INSERT INTO RevenueTarget (TargetID, BranchID, PlanID, TimeID, MonthlyTarget, createdAt, updatedAt) VALUES
(102, 201, 3, 6, 40.0, CURRENT_TIMESTAMP, CURRENT_TIMESTAMP),
(144, 301, 3, 12, 0.0, CURRENT_TIMESTAMP, CURRENT_TIMESTAMP),
(179, 302, 3, 11, 40.0, CURRENT_TIMESTAMP, CURRENT_TIMESTAMP),
(165, 302, 2, 9, 51.5, CURRENT_TIMESTAMP, CURRENT_TIMESTAMP),
(134, 301, 3, 2, 40.0, CURRENT_TIMESTAMP, CURRENT_TIMESTAMP),
(210, 401, 3, 6, 40.0, CURRENT_TIMESTAMP, CURRENT_TIMESTAMP),
(137, 301, 3, 5, 80.0, CURRENT_TIMESTAMP, CURRENT_TIMESTAMP),
(135, 301, 3, 3, 80.0, CURRENT_TIMESTAMP, CURRENT_TIMESTAMP),
(2, 101, 1, 2, 30.0, CURRENT_TIMESTAMP, CURRENT_TIMESTAMP),
(276, 502, 2, 12, 76.5, CURRENT_TIMESTAMP, CURRENT_TIMESTAMP),
(282, 502, 3, 6, 80.0, CURRENT_TIMESTAMP, CURRENT_TIMESTAMP),
(159, 302, 2, 3, 25.0, CURRENT_TIMESTAMP, CURRENT_TIMESTAMP),
(16, 101, 2, 4, 50.0, CURRENT_TIMESTAMP, CURRENT_TIMESTAMP),
(57, 102, 2, 9, 77.25, CURRENT_TIMESTAMP, CURRENT_TIMESTAMP),
(142, 301, 3, 10, 80.0, CURRENT_TIMESTAMP, CURRENT_TIMESTAMP),
(32, 101, 3, 8, 40.8, CURRENT_TIMESTAMP, CURRENT_TIMESTAMP),
(283, 502, 3, 7, 40.8, CURRENT_TIMESTAMP, CURRENT_TIMESTAMP),
(254, 502, 1, 2, 10.0, CURRENT_TIMESTAMP, CURRENT_TIMESTAMP),
(75, 201, 1, 3, 10.0, CURRENT_TIMESTAMP, CURRENT_TIMESTAMP),
(285, 502, 3, 9, 41.2, CURRENT_TIMESTAMP, CURRENT_TIMESTAMP),
(147, 302, 1, 3, 10.0, CURRENT_TIMESTAMP, CURRENT_TIMESTAMP),
(230, 501, 2, 2, 75.0, CURRENT_TIMESTAMP, CURRENT_TIMESTAMP),
(80, 201, 1, 8, 30.6, CURRENT_TIMESTAMP, CURRENT_TIMESTAMP),
(219, 501, 1, 3, 30.0, CURRENT_TIMESTAMP, CURRENT_TIMESTAMP),
(269, 502, 2, 5, 25.0, CURRENT_TIMESTAMP, CURRENT_TIMESTAMP),
(187, 401, 1, 7, 30.6, CURRENT_TIMESTAMP, CURRENT_TIMESTAMP),
(58, 102, 2, 10, 25.0, CURRENT_TIMESTAMP, CURRENT_TIMESTAMP),
(61, 102, 3, 1, 84.0, CURRENT_TIMESTAMP, CURRENT_TIMESTAMP),
(42, 102, 1, 6, 20.0, CURRENT_TIMESTAMP, CURRENT_TIMESTAMP),
(265, 502, 2, 1, 26.25, CURRENT_TIMESTAMP, CURRENT_TIMESTAMP),
(236, 501, 2, 8, 76.5, CURRENT_TIMESTAMP, CURRENT_TIMESTAMP),
(222, 501, 1, 6, 20.0, CURRENT_TIMESTAMP, CURRENT_TIMESTAMP),
(268, 502, 2, 4, 25.0, CURRENT_TIMESTAMP, CURRENT_TIMESTAMP),
(161, 302, 2, 5, 25.0, CURRENT_TIMESTAMP, CURRENT_TIMESTAMP),
(27, 101, 3, 3, 40.0, CURRENT_TIMESTAMP, CURRENT_TIMESTAMP),
(172, 302, 3, 4, 0.0, CURRENT_TIMESTAMP, CURRENT_TIMESTAMP),
(220, 501, 1, 4, 30.0, CURRENT_TIMESTAMP, CURRENT_TIMESTAMP),
(84, 201, 1, 12, 20.4, CURRENT_TIMESTAMP, CURRENT_TIMESTAMP),
(162, 302, 2, 6, 75.0, CURRENT_TIMESTAMP, CURRENT_TIMESTAMP),
(64, 102, 3, 4, 0.0, CURRENT_TIMESTAMP, CURRENT_TIMESTAMP),
(250, 501, 3, 10, 80.0, CURRENT_TIMESTAMP, CURRENT_TIMESTAMP),
(76, 201, 1, 4, 10.0, CURRENT_TIMESTAMP, CURRENT_TIMESTAMP),
(30, 101, 3, 6, 80.0, CURRENT_TIMESTAMP, CURRENT_TIMESTAMP),
(37, 102, 1, 1, 31.5, CURRENT_TIMESTAMP, CURRENT_TIMESTAMP),
(67, 102, 3, 7, 81.6, CURRENT_TIMESTAMP, CURRENT_TIMESTAMP),
(133, 301, 3, 1, 0.0, CURRENT_TIMESTAMP, CURRENT_TIMESTAMP),
(47, 102, 1, 11, 20.0, CURRENT_TIMESTAMP, CURRENT_TIMESTAMP),
(164, 302, 2, 8, 25.5, CURRENT_TIMESTAMP, CURRENT_TIMESTAMP),
(44, 102, 1, 8, 10.2, CURRENT_TIMESTAMP, CURRENT_TIMESTAMP),
(120, 301, 1, 12, 30.6, CURRENT_TIMESTAMP, CURRENT_TIMESTAMP);
-- ------------------------------------------------------------------------------------------------------
INSERT INTO RevenueTarget (TargetID, BranchID, PlanID, TimeID, MonthlyTarget, createdAt, updatedAt) VALUES
(256, 502, 1, 4, 30.0, CURRENT_TIMESTAMP, CURRENT_TIMESTAMP),
(274, 502, 2, 10, 50.0, CURRENT_TIMESTAMP, CURRENT_TIMESTAMP),
(169, 302, 3, 1, 42.0, CURRENT_TIMESTAMP, CURRENT_TIMESTAMP),
(253, 502, 1, 1, 10.5, CURRENT_TIMESTAMP, CURRENT_TIMESTAMP),
(261, 502, 1, 9, 10.3, CURRENT_TIMESTAMP, CURRENT_TIMESTAMP),
(249, 501, 3, 9, 0.0, CURRENT_TIMESTAMP, CURRENT_TIMESTAMP),
(151, 302, 1, 7, 30.6, CURRENT_TIMESTAMP, CURRENT_TIMESTAMP),
(168, 302, 2, 12, 25.5, CURRENT_TIMESTAMP, CURRENT_TIMESTAMP),
(62, 102, 3, 2, 40.0, CURRENT_TIMESTAMP, CURRENT_TIMESTAMP),
(63, 102, 3, 3, 0.0, CURRENT_TIMESTAMP, CURRENT_TIMESTAMP),
(9, 101, 1, 9, 20.6, CURRENT_TIMESTAMP, CURRENT_TIMESTAMP),
(110, 301, 1, 2, 10.0, CURRENT_TIMESTAMP, CURRENT_TIMESTAMP),
(206, 401, 3, 2, 40.0, CURRENT_TIMESTAMP, CURRENT_TIMESTAMP),
(13, 101, 2, 1, 26.25, CURRENT_TIMESTAMP, CURRENT_TIMESTAMP),
(96, 201, 2, 12, 51.0, CURRENT_TIMESTAMP, CURRENT_TIMESTAMP),
(233, 501, 2, 5, 25.0, CURRENT_TIMESTAMP, CURRENT_TIMESTAMP),
(49, 102, 2, 1, 52.5, CURRENT_TIMESTAMP, CURRENT_TIMESTAMP),
(50, 102, 2, 2, 25.0, CURRENT_TIMESTAMP, CURRENT_TIMESTAMP),
(204, 401, 2, 12, 51.0, CURRENT_TIMESTAMP, CURRENT_TIMESTAMP),
(114, 301, 1, 6, 20.0, CURRENT_TIMESTAMP, CURRENT_TIMESTAMP),
(43, 102, 1, 7, 20.4, CURRENT_TIMESTAMP, CURRENT_TIMESTAMP),
(231, 501, 2, 3, 25.0, CURRENT_TIMESTAMP, CURRENT_TIMESTAMP),
(79, 201, 1, 7, 30.6, CURRENT_TIMESTAMP, CURRENT_TIMESTAMP),
(104, 201, 3, 8, 81.6, CURRENT_TIMESTAMP, CURRENT_TIMESTAMP),
(234, 501, 2, 6, 50.0, CURRENT_TIMESTAMP, CURRENT_TIMESTAMP),
(106, 201, 3, 10, 0.0, CURRENT_TIMESTAMP, CURRENT_TIMESTAMP),
(48, 102, 1, 12, 10.2, CURRENT_TIMESTAMP, CURRENT_TIMESTAMP),
(171, 302, 3, 3, 40.0, CURRENT_TIMESTAMP, CURRENT_TIMESTAMP),
(55, 102, 2, 7, 25.5, CURRENT_TIMESTAMP, CURRENT_TIMESTAMP),
(5, 101, 1, 5, 30.0, CURRENT_TIMESTAMP, CURRENT_TIMESTAMP),
(197, 401, 2, 5, 25.0, CURRENT_TIMESTAMP, CURRENT_TIMESTAMP),
(19, 101, 2, 7, 25.5, CURRENT_TIMESTAMP, CURRENT_TIMESTAMP),
(199, 401, 2, 7, 76.5, CURRENT_TIMESTAMP, CURRENT_TIMESTAMP),
(68, 102, 3, 8, 40.8, CURRENT_TIMESTAMP, CURRENT_TIMESTAMP),
(226, 501, 1, 10, 20.0, CURRENT_TIMESTAMP, CURRENT_TIMESTAMP),
(177, 302, 3, 9, 0.0, CURRENT_TIMESTAMP, CURRENT_TIMESTAMP),
(257, 502, 1, 5, 20.0, CURRENT_TIMESTAMP, CURRENT_TIMESTAMP),
(26, 101, 3, 2, 80.0, CURRENT_TIMESTAMP, CURRENT_TIMESTAMP),
(190, 401, 1, 10, 10.0, CURRENT_TIMESTAMP, CURRENT_TIMESTAMP),
(191, 401, 1, 11, 10.0, CURRENT_TIMESTAMP, CURRENT_TIMESTAMP),
(245, 501, 3, 5, 40.0, CURRENT_TIMESTAMP, CURRENT_TIMESTAMP),
(18, 101, 2, 6, 25.0, CURRENT_TIMESTAMP, CURRENT_TIMESTAMP),
(195, 401, 2, 3, 25.0, CURRENT_TIMESTAMP, CURRENT_TIMESTAMP),
(119, 301, 1, 11, 30.0, CURRENT_TIMESTAMP, CURRENT_TIMESTAMP),
(115, 301, 1, 7, 10.2, CURRENT_TIMESTAMP, CURRENT_TIMESTAMP),
(141, 301, 3, 9, 0.0, CURRENT_TIMESTAMP, CURRENT_TIMESTAMP),
(196, 401, 2, 4, 75.0, CURRENT_TIMESTAMP, CURRENT_TIMESTAMP),
(140, 301, 3, 8, 40.8, CURRENT_TIMESTAMP, CURRENT_TIMESTAMP),
(143, 301, 3, 11, 80.0, CURRENT_TIMESTAMP, CURRENT_TIMESTAMP),
(237, 501, 2, 9, 25.75, CURRENT_TIMESTAMP, CURRENT_TIMESTAMP);
-- ------------------------------------------------------------------------------------------------------
INSERT INTO RevenueTarget (TargetID, BranchID, PlanID, TimeID, MonthlyTarget, createdAt, updatedAt) VALUES
(193, 401, 2, 1, 26.25, CURRENT_TIMESTAMP, CURRENT_TIMESTAMP),
(275, 502, 2, 11, 25.0, CURRENT_TIMESTAMP, CURRENT_TIMESTAMP),
(20, 101, 2, 8, 25.5, CURRENT_TIMESTAMP, CURRENT_TIMESTAMP),
(149, 302, 1, 5, 10.0, CURRENT_TIMESTAMP, CURRENT_TIMESTAMP),
(82, 201, 1, 10, 30.0, CURRENT_TIMESTAMP, CURRENT_TIMESTAMP),
(69, 102, 3, 9, 82.4, CURRENT_TIMESTAMP, CURRENT_TIMESTAMP),
(154, 302, 1, 10, 10.0, CURRENT_TIMESTAMP, CURRENT_TIMESTAMP),
(126, 301, 2, 6, 25.0, CURRENT_TIMESTAMP, CURRENT_TIMESTAMP),
(212, 401, 3, 8, 81.6, CURRENT_TIMESTAMP, CURRENT_TIMESTAMP),
(288, 502, 3, 12, 40.8, CURRENT_TIMESTAMP, CURRENT_TIMESTAMP),
(240, 501, 2, 12, 51.0, CURRENT_TIMESTAMP, CURRENT_TIMESTAMP),
(103, 201, 3, 7, 81.6, CURRENT_TIMESTAMP, CURRENT_TIMESTAMP),
(87, 201, 2, 3, 75.0, CURRENT_TIMESTAMP, CURRENT_TIMESTAMP),
(225, 501, 1, 9, 20.6, CURRENT_TIMESTAMP, CURRENT_TIMESTAMP),
(113, 301, 1, 5, 20.0, CURRENT_TIMESTAMP, CURRENT_TIMESTAMP),
(81, 201, 1, 9, 10.3, CURRENT_TIMESTAMP, CURRENT_TIMESTAMP),
(3, 101, 1, 3, 30.0, CURRENT_TIMESTAMP, CURRENT_TIMESTAMP),
(184, 401, 1, 4, 30.0, CURRENT_TIMESTAMP, CURRENT_TIMESTAMP),
(70, 102, 3, 10, 0.0, CURRENT_TIMESTAMP, CURRENT_TIMESTAMP),
(189, 401, 1, 9, 30.9, CURRENT_TIMESTAMP, CURRENT_TIMESTAMP); 
